prompt,response_facts,response_facts_count
I'm planning to take my driving test soon. How do I book a theory test and what information do I need to provide?,"[""You can book a theory test by visiting the DVSA website."", ""You can book a theory test by calling the DVSA helpline."", ""You need your driver number to proceed with certain driving-related tasks."", ""A driver number is provided after you apply for a provisional licence."", ""You can choose a test date online."", ""You can choose a test location online."", ""You can pay the test fee online."", ""You can pay the test fee by card."", ""It's important to study the official theory test manual."", ""It's important to practice with sample theory test questions."", ""The test includes multiple-choice questions."", ""The test includes a hazard perception test."", ""You should be familiar with the rules of the road before booking."", ""You should be familiar with safe driving practices before booking.""]",14
What do I need to do if I want to apply for a full driving licence after passing my test?,"[""To apply for a full driving licence, you need to sign the declaration on your driving test pass certificate."", ""You need to fill in form D1 to apply for a full driving licence."", ""You need to include original identity documents with your full driving licence application."", ""You need to include a passport photo with your full driving licence application (if applicable)."", ""You need to include your provisional licence with your full driving licence application."", ""All documents should be complete."", ""All documents should be correct."", ""Incomplete or incorrect documents can cause delays.""]",8
I'm trying to check the details of a vehicle I'm thinking of buying. How do I make sure the information I've been given matches what the DVLA has on record?,"[""The DVLA has a vehicle enquiry service on their website."", ""The vehicle enquiry service can be used to check vehicle details."", ""The service allows you to verify if the vehicle details you've been given match the DVLA's records."", ""You will need the vehicle's registration number to access this service."", ""The vehicle's registration number is also known as the number plate."", ""The information provided will include the vehicle tax status."", ""The information provided will include the MOT expiry date."", ""The information provided will include other key vehicle details."", ""It is important to compare the information for accuracy."", ""The comparison should be made with the information provided by the seller."", ""You should check the MOT history of a vehicle."", ""You should confirm that the log book (V5C) is not for a stolen vehicle.""]",12
I just bought a used car and need to update DVLA. What do I need to do and how long will it take?,"[""You need to inform the DVLA that you've bought a vehicle."", ""The process usually takes a few days to complete.""]",2
I need to drive a vehicle weighing over 3.5 tonnes internationally. What specific licenses and permits do I require to operate in the UK and other countries?,"[""You need a vehicle operator licence to operate a vehicle over 3.5 tonnes on international journeys."", ""A vehicle operator licence is required for carrying your own goods on international journeys in a vehicle over 3.5 tonnes."", ""A vehicle operator licence is required for carrying others' goods on international journeys in a vehicle over 3.5 tonnes."", ""A goods vehicle operator licence is required for vehicles over 2.5 tonnes."", ""Vehicles over 2.5 tonnes require a goods vehicle operator licence to transport goods to Europe."", ""Vehicles over 2.5 tonnes require a goods vehicle operator licence to transport goods through Europe.""]",6
How do I apply to join the fleet driver trainer register?,[],0
I want to ride an e-scooter. Do I need a special licence?,"[""You need a category Q entitlement on your driving licence to ride an e-scooter."", ""You must have a full or provisional UK licence to be included."", ""The licence must be for one of the following categories: AM, A, or B."", ""There is an online tool to check the validity of a licence for riding an e-scooter."", ""You can use the online tool if you're unsure about the validity of your licence for riding an e-scooter.""]",5
I have rebuilt a vehicle and want to register it. Do I need to get vehicle approval?,"[""You need to get vehicle approval if you have rebuilt a vehicle."", ""You should apply for Individual Vehicle Approval (IVA) through the DVSA.""]",2
Can I report a vehicle without an MOT if it's parked in my driveway?,"[""A vehicle must be being used on the road to be reported for not having an MOT."", ""A vehicle parked in your driveway is not considered to be being used on the road."", ""You cannot report a vehicle for not having an MOT if it is parked in your driveway."", ""The police can take action against a vehicle."", ""The vehicle must be being driven or used on public roads for the police to take action.""]",5
Where can I find information about MOT tester courses and training?,"[""These courses are designed to provide skills."", ""These courses are designed to provide knowledge."", ""The purpose of these courses is to enable someone to become an MOT tester."", ""It is important to choose a course approved by the Driver and Vehicle Standards Agency."", ""You need to complete the course."", ""You need to pass the MOT demonstration test to become qualified."", ""There is a topic called Transport and driving businesses that can be explored for more information.""]",7
I'm planning to take my motorcycle tests soon. How can I check my test details and make any changes if needed?,"[""You can retrieve your booking details if you have lost your booking confirmation."", ""You can retrieve your booking details by providing your reference number."", ""You can retrieve your booking details by providing other identifying information."", ""You can change the date of your test online."", ""The ability to change the date of your test online is subject to available slots."", ""You should keep your contact details updated."", ""Keeping your contact details updated allows you to receive notifications about your test.""]",7
I want to know what types of vehicles I can drive with my current driving licence. How do I check the categories and any restrictions on my licence?,"[""Your licence will show the categories of vehicles you are entitled to drive."", ""The categories of vehicles may include cars."", ""The categories of vehicles may include motorcycles."", ""The categories of vehicles may include other types of vehicles."", ""Restrictions may be listed."", ""Age limits may be listed as a restriction."", ""Medical conditions may be listed as a restriction."", ""The DVLA provides an online tool to look up driving details."", ""You can use the DVLA's online tool to determine what you can drive."", ""It is important to understand your entitlements."", ""Understanding your entitlements helps you avoid driving illegally.""]",11
"I need to tax my HGV, but I don't have the vehicle log book. What should I do?","[""You can apply for a replacement vehicle log book (V5C) if you don't have one."", ""You should contact the DVLA."", ""The purpose of contacting the DVLA is to request a new one."", ""You need a log book to apply to tax your HGV."", ""To tax your HGV, you need to fill in form V85."", ""Form V85 must be submitted in person."", ""Form V85 can be submitted at a Post Office that handles vehicle tax."", ""You need to have the correct details about your vehicle."", ""The weight of your vehicle affects the tax rate."", ""Whether your vehicle has road-friendly suspension affects the tax rate.""]",10
"I need to put a skip on a public road in Wales. Do I need to get a skip licence, and what are the requirements?","[""The licence is usually obtained through your local council."", ""The skip hire company might handle the application."", ""You may need to apply directly in some cases."", ""The skip must have reflective markings for safety."", ""The skip must have traffic cones for safety."", ""The skip must have night-time safety lamps for safety.""]",6
I'm a teacher in Scotland and I want to know if there are any special considerations for drivers over 65 years old when it comes to speed limits and penalties.,"[""Older drivers may be subject to additional checks."", ""Older drivers may be subject to additional requirements."", ""Age-related factors can deem a driver to be at higher risk."", ""It's important to always adhere to speed limits."", ""It's important to maintain good driving habits."", ""Adhering to speed limits and maintaining good driving habits can help avoid penalties.""]",6
Can I apply for HGV tax online?,"[""Completing the application process correctly is ensured."", ""Completing the application process efficiently is ensured."", ""You should visit a Post Office to handle vehicle tax applications."", ""Not all Post Offices handle vehicle tax applications.""]",4
I'm a landlord and want to install an electric vehicle chargepoint socket in my property. What steps should I take to apply for a grant and find an approved installer?,"[""It is important to confirm your eligibility before proceeding with the installation."", ""Confirming your eligibility is necessary to ensure you can access the grant."", ""The grant application process depends on your specific circumstances."", ""The grant application process is subject to the requirements set by the relevant authorities.""]",4
What should I consider when choosing a scrapyard to dispose of my vehicle in England?,"[""A scrapyard in England must be licensed to operate."", ""A scrapyard in England must operate as an authorised treatment facility (ATF)."", ""It is important to verify that the yard follows proper procedures for scrapping vehicles."", ""The yard must comply with environmental regulations when scrapping vehicles."", ""You can check reviews to inform your decision."", ""You can ask friends for recommendations."", ""You can ask local authorities for recommendations."", ""You should confirm that the yard accepts vehicles of your type."", ""You should confirm that the yard accepts vehicles of your size."", ""You should confirm that the yard provides a certificate of destruction if needed."", ""Disposing of a vehicle safely is important."", ""Disposing of a vehicle legally is important.""]",12
I want to rent an e-scooter for a trial in the UK. Where can I find the list of trial areas?,"[""The list of trial areas can be found on the official government website."", ""Some areas may have changed."", ""You should check the latest updates."", ""There are specific trial areas for renting."", ""You should confirm the trial areas before renting."", ""You must be within the designated region to rent.""]",6
"I want to tow a trailer with my car, but I'm not sure if I'm allowed to. How do I check what I can tow and what I need to do if I want to tow heavier combinations?","[""If you got your licence before 1 January 1997, you can usually tow up to 8,250kg MAM."", ""There is a date after which licence rules changed."", ""If you got your licence after the specified date, you can tow up to 3,500kg MAM."", ""To tow heavier combinations, you need to apply for a provisional licence for a medium-sized lorry and trailer (category C1+E)."", ""You need to pass the lorry theory test to tow heavier combinations."", ""You need to pass the C1+E driving test to tow heavier combinations."", ""You may need to take additional CPC tests."", ""Driving a lorry can be considered your main job."", ""Taking additional CPC tests is required if driving a lorry is your main job."", ""You can tow up to 12,000kg MAM after completing a certain action."", ""The maximum weight you can tow is 12,000kg MAM.""]",11
"If I'm running a taxi service in Wales, what specific licence do I need and what are the requirements?",[],0
Can I apply for a replacement Blue Badge online and what are the requirements for doing so?,"[""You can apply for a replacement Blue Badge online."", ""The replacement badge has a validity period."", ""The replacement badge's validity period ends on the expiry date of the original badge."", ""Some councils may charge for replacing a badge.""]",4
"I've already registered my child's birth in the UK, but I'm unsure if I need to do anything else for their birth certificate to be valid when applying for a UK passport. What should I check?","[""If a child's birth is already registered in the UK, no further registration is required."", ""Registration of a child's birth in the UK takes precedence over registration in the country of birth."", ""A birth certificate that is not in English requires translation to be used."", ""The translation of a non-English birth certificate must be done by an approved translator.""]",4
I got my driving licence revoked because I didn't give it to the court. How do I get a new one and what forms do I need to fill out?,"[""You need to apply for a new licence."", ""You can get the application form from the Post Office."", ""The application forms are D1 or D2."", ""You will need to complete the form."", ""You need to ensure all details on the form are correct."", ""You will receive instructions after submitting the form."", ""The instructions will be about the next steps.""]",7
I own a classic car that I've had for many years and I want to stop paying vehicle tax. What steps do I need to take to apply for the exemption and confirm if I'm eligible?,"[""To stop paying vehicle tax, you need to apply for a vehicle tax exemption."", ""Applying for a vehicle tax exemption puts your car into the 'historic tax class'."", ""The vehicle must have been built before 1 January 1985 to be eligible."", ""The vehicle must have been registered before 8 January 1985 to be eligible."", ""You must confirm your eligibility before applying."", ""You can apply online."", ""You can apply by post.""]",7
Can I deliver Driver CPC training remotely using video calls?,"[""You can deliver Driver CPC training remotely using video call software."", ""The standard of remote Driver CPC training must be the same level as classroom-based training."", ""Driver CPC training must be at least a level 2 vocational qualification."", ""You must be able to verify the identity of the trainee."", ""You must keep evidence of the trainee's participation."", ""The remote training should align with the syllabus."", ""The remote training should cover the necessary topics.""]",7
I operate a removal company in Scotland and need to know about permits for moving household goods internationally.,"[""You can apply for an international removal permit as a specialist removal company."", ""The international removal permit allows you to move household goods."", ""The international removal permit allows you to move business possessions."", ""The international removal permit is valid for moving goods between the 43 ECMT countries."", ""The international removal permit is valid for moving goods across the 43 ECMT countries."", ""Albania is one of the listed countries."", ""Armenia is one of the listed countries."", ""Austria is one of the listed countries."", ""Azerbaijan is one of the listed countries."", ""Belarus is one of the listed countries."", ""Belgium is one of the listed countries."", ""There are other countries listed in addition to these."", ""Each destination country has specific requirements that must be checked."", ""The relevant authorities outline the application process for each destination country."", ""The outlined application process must be followed for each destination country.""]",15
I'm planning to learn to drive a car in Wales. What are the steps I need to follow to get my provisional licence and eventually pass my driving test?,"[""To learn to drive in Wales, you need to get a provisional driving licence."", ""The cost of a provisional driving licence is between \u00a334 and \u00a343."", ""You can book your practical driving test after passing your theory test."", ""It's important to follow each step carefully."", ""You must meet all the legal requirements.""]",5
What happens if I get a penalty point for drink-driving?,"[""If you are convicted of drink-driving, you will receive penalty points on your driving record."", ""If you are convicted of drink-driving, you may face a fine."", ""You may be disqualified from driving for a certain period."", ""The length of the disqualification period depends on the severity of the offence."", ""It's important to understand the legal consequences of drink-driving."", ""Drink-driving affects your driving privileges.""]",6
I'm looking to find a reliable lorry or bus operator in Scotland. How do I search for one using the official website?,"[""You can search for operators by name."", ""You can search for operators by address."", ""You can search for operators by licence number.""]",3
Can I use the government tool to find out if I'm allowed to tow a trailer with my car?,"[""You can use the government tool to check if you're allowed to tow a trailer with your car."", ""Using the tool can help ensure you're following the correct guidelines."", ""Using the tool can help you avoid potential legal issues.""]",3
"I want to tow a caravan with my car, but I'm not sure what safety checks I need to do. What steps should I take to make sure I'm doing it safely and legally?","[""The 7 core cable should be checked for damage."", ""The 13 core cable should be checked for damage."", ""The plug should be checked for damage."", ""The breakaway cable should not be worn."", ""The breakaway cable should have enough slack."", ""The purpose of having enough slack in the breakaway cable is to prevent accidental braking."", ""The tyres on the car should be inspected for cuts."", ""The tyres on the car should be inspected for bulges."", ""The tyres on the car should be inspected for proper inflation."", ""The tyres on the trailer should be inspected for cuts."", ""The tyres on the trailer should be inspected for bulges."", ""The tyres on the trailer should be inspected for proper inflation."", ""The minimum tread depth for tyres is 1.6mm."", ""The load should not be overloaded."", ""The load should be evenly distributed."", ""The trailer's weight should not exceed the manufacturer's specified limits."", ""These checks help prevent accidents."", ""These checks ensure compliance with the law.""]",18
"I need to change my instructor theory test date, but I only found out about the change two days before the test. What should I do?","[""You must give more than 3 full working days' notice to change your test without paying again."", ""Changing your test within 3 full working days of the test date will incur an additional payment."", ""You can request a refund from DVSA for certain reasons."", ""Valid reasons for requesting a refund include illness."", ""Valid reasons for requesting a refund include bereavement."", ""Valid reasons for requesting a refund include needing to take an exam at a school or college."", ""You should email DVSA to request a refund.""]",7
I have a medical condition that makes it hard to drive safely. How do I let the DVLA know and what happens next?,"[""You need to inform the DVLA about your medical condition."", ""Your medical condition must affect your driving to require notification to the DVLA."", ""You can use the online service to find information."", ""You can check the A to Z list for your condition."", ""If you choose to give up your licence, you must send it to DVLA."", ""You have the option to give up your licence."", ""If you don't give up your licence, the DVLA will make a decision about your driving eligibility."", ""It's important to act quickly."", ""Acting quickly can help avoid legal issues.""]",9
I lost my Blue Badge and need to get a replacement. How do I apply for a new one and what details do I need to provide?,"[""The replacement badge has a validity period."", ""The replacement badge's validity period ends on the expiry date of the original badge.""]",2
I want to build a vehicle and have it approved for use in the UK. What do I need to do?,"[""Your vehicle might qualify for voluntary approval if it is already registered."", ""Your vehicle must meet UK safety standards to qualify for approval."", ""Your vehicle must meet UK emissions standards to qualify for approval.""]",3
How do I book my theory test after passing my practical test?,"[""You can book your theory test after passing your practical test is incorrect, instead you need to have passed your theory test before you can book your practical test, however the statement says you can book your theory test after passing your practical test which is not correct."", ""You need a provisional driving licence to book your theory test."", ""You can book your theory test on the DVLA website."", ""The theory test costs \u00a323.""]",4
I'm planning to start a business transporting goods and need to operate sooner than the standard licence processing time. What options are available to me?,"[""The traffic commissioner grants the interim licence at their discretion."", ""The interim licence is typically considered if you have customers waiting."", ""The interim licence is typically considered if your organisation is undergoing changes."", ""Operating without a licence is illegal."", ""The interim licence provides a temporary solution."", ""The interim licence is used until your full application is approved.""]",6
I want to tow a caravan with my car. What are the safety checks I need to do before I start towing?,"[""The trailer should be correctly coupled to the towball."", ""The coupling height should be correct."", ""The 7 core cable should not be damaged."", ""The 13 core cable should not be damaged."", ""The plug should not be damaged."", ""The tyres on your car should be in good condition."", ""The tyres on your car should be properly inflated."", ""The tyres on the trailer should be in good condition."", ""The tyres on the trailer should be properly inflated."", ""The trailer's lights should be working correctly."", ""The trailer's indicators should be working correctly."", ""The load should be secure."", ""The load should be evenly distributed."", ""The trailer should not be overloaded."", ""These checks help ensure you are towing safely."", ""These checks help ensure you are towing legally.""]",16
I need to apply for a replacement certificate for my coach or bus. What information should I include in my application?,"[""You should include your vehicle's registration number."", ""You should include the reason for the replacement."", ""You should include any relevant documentation."", ""The application is processed efficiently."", ""You should provide accurate information to avoid delays in receiving your new certificate."", ""You should provide complete information to avoid delays in receiving your new certificate.""]",6
Can I renew my ADI registration if my previous one expired more than 12 months ago?,"[""If your ADI registration expired more than 12 months ago, you cannot renew it directly.""]",1
I need to apply for Individual Vehicle Approval (IVA) for my van. What steps should I follow to complete the application process?,"[""To apply for Individual Vehicle Approval (IVA) for your van, you need to complete the IVA application form."", ""You need to provide the Vehicle Identification Number (VIN) or chassis number as part of the IVA application."", ""You should have the vehicle registration number."", ""Your van should be already registered to have a vehicle registration number."", ""You must be logged in to start the application process."", ""The application process is started by uploading the required documents."", ""Accurate details are necessary to avoid delays.""]",7
What happens if my driving instructor registration is suspended and I'm not removed from the register?,"[""If an ADI's registration is suspended, they are not removed from the register."", ""A suspended ADI is still considered an instructor."", ""A suspended ADI cannot give driving lessons."", ""A suspended ADI cannot receive payment for driving lessons."", ""The suspension is typically a temporary measure."", ""The ADI registrar may impose a suspension if they believe you pose a risk to public safety."", ""The process involves contacting the ADI registrar."", ""The ADI registrar has procedures for challenging the decision."", ""The procedures of the ADI registrar must be followed to challenge the decision."", ""It's important to understand the reasons behind the suspension."", ""You should seek guidance if needed.""]",11
I'm planning to modify my car's engine and want to know if I need to update my V5C registration certificate. What are the steps involved?,"[""You should contact the DVLA to report the modification."", ""You will need to provide the necessary documentation when reporting the modification to the DVLA."", ""The necessary documentation may include the vehicle's specifications."", ""The necessary documentation may include relevant certificates."", ""The DVLA holds details of your vehicle."", ""The details held by the DVLA about your vehicle should be accurate."", ""The details held by the DVLA about your vehicle should be up to date."", ""Completing the process is important."", ""Completing the process helps avoid legal issues."", ""Completing the process helps avoid issues related to vehicle registration."", ""Completing the process helps avoid issues related to tax.""]",11
I just bought a new car and I'm confused about the vehicle tax payment. How often do I have to pay it and what happens if I don't pay on time?,"[""You'll pay at intervals of either 6 months."", ""You'll pay at intervals of either 12 months."", ""The payment interval depends on the rate."", ""If you don't pay on time, you might face penalties."", ""If you don't pay on time, you might face legal action."", ""It's important to keep track of your payments."", ""Keeping track of your payments can help you avoid issues."", ""You can check the payment schedule with your dealer or the relevant authority."", ""You can check the payment amounts with your dealer or the relevant authority.""]",9
What should I do if I need to apply for an Accessibility Certificate for my bus to carry disabled passengers?,"[""The form needs to be completed."", ""The completed form should be uploaded."", ""A service is provided for uploading the form."", ""The certificate allows a bus to carry disabled passengers."", ""It's important to ensure that your application includes all necessary details."", ""Your application should include details about the accessibility features of your bus."", ""Changes to a vehicle's specifications may require an update to the application."", ""The application needs to reflect the current specifications of the vehicle.""]",8
I need to find a driving test centre near me in Scotland. How do I use my postcode to locate the nearest one and what information should I look for?,"[""You can use the official website to find a driving test centre in Scotland."", ""You can use your postcode on the official website to find a driving test centre."", ""This helps prepare for a visit."", ""You'll see information on how to book your test."", ""You'll see information on the requirements for the test."", ""You should check if the centre offers the specific test you need."", ""The centre may offer tests for cars."", ""The centre may offer tests for motorcycles.""]",8
How can I find out if my local council offers any subsidised transport options for students aged 16 to 19?,"[""Your local council may offer subsidised transport for students aged 16 to 19."", ""You can visit your council's website to check if they offer subsidised transport for students."", ""You can search for 'subsidised transport' on your council's website to find relevant information."", ""You can search for 'student transport' on your council's website to find relevant information."", ""There are eligibility criteria to consider."", ""There is an application process."", ""Information is available on how to apply."", ""If the information isn't readily available online, you should contact the council."", ""The contact should be made with the council's transport department."", ""The purpose of the contact is to request assistance."", ""They can provide you with the most accurate information regarding student transport subsidies."", ""They can provide you with the most up-to-date information regarding student transport subsidies.""]",12
"I'm 17 and want to ride a motorcycle. Do I need to take CBT first, and if so, what are the rules around riding after completing it?","[""You need to complete Compulsory Basic Training (CBT) before riding a motorcycle on public roads."", ""CBT ensures you can ride safely."", ""CBT is required for anyone starting to ride a motorcycle.""]",3
I am planning to ride my motorcycle with a visor. Are there specific regulations about what type of visor or goggles I can use?,"[""Visors and goggles used while riding a motorcycle in the UK must meet specific safety standards."", ""Meeting these safety standards is a requirement for visors and goggles to be legal in the UK."", ""The visor or goggles should have appropriate certification."", ""The certification guarantees that the visor or goggles provide adequate protection."", ""The visor or goggles must meet the legal requirements.""]",5
I want to ride an e-scooter in the UK. Do I need a special licence and what are the requirements?,"[""You must have a full or provisional UK licence to be included."", ""The licence must be for one of the following categories: AM, A, or B.""]",2
I am currently a teacher in Wales and want to start teaching people to drive motorcycles. What qualifications and steps do I need to take?,"[""You must pass the assessment to become a DVSA assessed compulsory basic training (CBT) instructor."", ""You must complete a criminal record check."", ""Passing the relevant assessment will qualify you to provide DAS training.""]",3
"I want to register as a Pass Plus approved driving instructor, but I'm not sure where to find my user ID from the DVSA. How do I locate it and what do I need to complete the registration?","[""To register as a Pass Plus approved driving instructor, you need a user ID."", ""The user ID required for registration is from the DVSA."", ""The ID can be found on letters sent to you by the DVSA."", ""The ADI personal reference number is distinct from another number."", ""You can request your user ID from the DVSA if you don't have it."", ""To request your user ID from the DVSA, you need to provide your driving licence number."", ""You need an online password."", ""The online password must be at least 9 characters long."", ""The online password must include at least three of the following: uppercase letters, lowercase letters, numbers, and special characters."", ""You should not use any of your previous five passwords.""]",10
I manage a transport business in Wales and need to apply for a Certificate of Initial Fitness for a new bus. What steps should I follow to ensure the application is processed correctly?,"[""Completing the process promptly helps avoid delays in registration."", ""Completing the process promptly ensures compliance with transportation regulations.""]",2
How do I apply to tax my HGV if I live in Scotland?,"[""The process is the same across the UK."", ""The process is the same in Scotland as in the rest of the UK.""]",2
I want to start learning to drive. What are the steps I need to follow?,"[""You need to apply for a provisional driving licence."", ""A provisional driving licence costs between \u00a334 to \u00a343."", ""You need to have the necessary documents to progress through the learning process."", ""The DVLA outlines steps that you should follow to progress through the learning process.""]",4
I have a driving licence with code 44(12). What does this mean and how does it affect my ability to drive a motorcycle?,"[""Code 44(12) refers to a vehicle adaptation."", ""Code 44(12) indicates that the vehicle is a motorcycle."", ""Code 44(12) means the motorcycle has an adapted hand grip."", ""This code is for drivers."", ""The code is required for drivers who need modifications to drive safely."", ""You can drive motorcycles with this code."", ""Your motorcycle must meet the specifications outlined on your licence.""]",7
How much does the instructional ability test for driving instructors cost?,"[""There is an instructional ability test for driving instructors."", ""The instructional ability test for driving instructors costs \u00a3111."", ""This test is part of the process to become an approved driving instructor (ADI)."", ""You need to prepare for the test."", ""You need to book the test through a driving test centre."", ""You can register within 12 months of passing the test."", ""You can start charging for lessons after passing the test.""]",7
"As a teacher, I need to know the difference between the drivers' hours rules for goods vehicles and buses or coaches.","[""There are drivers' hours rules for goods vehicles."", ""There are drivers' hours rules for buses or coaches."", ""The drivers' hours rules for goods vehicles are different from those for buses or coaches."", ""There are rules covering the maximum number of hours you can drive."", ""There are rules covering the breaks you need to take while driving."", ""It is important to understand the rules that apply to you."", ""Understanding the rules can help you avoid breaking the law.""]",7
How do I know if my electric bike needs vehicle approval?,"[""Your electric bike needs vehicle approval if it can be propelled up to 15.5 mph without pedalling."", ""Your electric bike needs vehicle approval if it does not meet the EAPC rules."", ""A 'twist and go' bike is an example of an electric bike that can be propelled up to 15.5 mph without pedalling."", ""The product should have been approved before it was bought."", ""The approval should have been done by either the manufacturer or the importer."", ""You can apply for Motorcycle single vehicle approval (MSVA) if a vehicle hasn't been approved.""]",6
What should I do if I don't have the V5C log book when buying a vehicle?,"[""Registering a vehicle requires action to be taken with the DVLA."", ""Without a log book, you might face difficulties in registering the vehicle."", ""Without a log book, you might face difficulties in proving ownership.""]",3
Can I pay a DVSA roadside fine by post and what details are required?,"[""You need to send a cheque or postal order to pay a fixed penalty."", ""The cheque or postal order should be made payable to 'DVSA Fixed Penalties Office'."", ""You should include your payment code on the back of the cheque or postal order."", ""This method is suitable for those who prefer to handle payments through the mail."", ""This method is not suitable for those who prefer to handle payments online."", ""This method is not suitable for those who prefer to handle payments by phone.""]",6
"What are the consequences of having incorrect number plates on my vehicle, and how can I avoid them?","[""Incorrectly displayed number plates can result in a fine of up to \u00a31,000."", ""Incorrectly displayed number plates can result in failure of the MOT test."", ""Number plates should be displayed correctly."", ""Number plates should not be altered."", ""You should regularly check the plates."", ""The purpose of checking the plates is to maintain compliance."", ""The plates should be checked for damage."", ""The plates should be checked for wear.""]",8
What should I do if I need to find a theory test centre in Northern Ireland instead of Scotland?,"[""There is a specific service for finding a theory test centre in Northern Ireland."", ""There is a separate service for finding a theory test centre in Scotland."", ""You should use the Northern Ireland service to find a theory test centre in Northern Ireland."", ""You should check for any special instructions that apply to centres in Northern Ireland."", ""You should check for any special requirements that apply to centres in Northern Ireland.""]",5
I need to change my address on my driving licence and also my name. How do I do this and what forms do I need to fill out?,"[""You can change both your address and name on your driving licence through a single application."", ""To change both your address and name on your driving licence, you must apply by post."", ""Changing your name requires additional documentation.""]",3
How do I report an illegal driving instructor?,"[""You can report suspected illegal driving instructors to the DVSA."", ""Approved driving instructors must display a green badge in their windscreen."", ""Trainee driving instructors must display a pink badge in their windscreen."", ""You can email the DVSA's intelligence unit."", ""You can call the DVSA's intelligence unit."", ""It's important to provide evidence when reporting.""]",6
What information can I get from checking a vehicle's MOT history?,"[""When checking a vehicle's MOT history, you can see if it passed or failed each test."", ""When checking a vehicle's MOT history, you can see the mileage recorded during testing."", ""When checking a vehicle's MOT history, you can see the date of the next test."", ""You can download copies of previous MOT certificates."", ""You can find out if a vehicle has been recalled for safety reasons."", ""It is important to know if a vehicle has been recalled for safety reasons before purchasing it.""]",6
"How much does it cost to get a criminal record check for becoming a driving instructor, and where can I get it done?","[""You can get a check through the KnowYourPeople website."", ""You need to provide proof of your identity before starting the process."", ""A passport can be used as proof of your identity."", ""A driving licence can be used as proof of your identity."", ""A recent utility bill can be used as proof of your identity."", ""A check is required."", ""Having one previously does not exempt you from the requirement."", ""It's important to ensure that the information you provide is accurate."", ""Accurate information can help avoid delays in your application process."", ""You should follow the steps carefully."", ""Following the steps carefully will help you complete the check successfully.""]",11
"After buying a used car, what are the steps I need to follow to register it, tax it, and insure it?","[""You should register for MOT reminders."", ""Registering for MOT reminders will inform you when your MOT is due."", ""You can check if your vehicle is insured on the Motor Insurance Database."", ""Information about vehicle insurance is available to read.""]",4
What are the legal requirements for having vehicle insurance in the UK?,"[""You must have motor insurance to drive a vehicle in the UK."", ""Motor insurance is required to drive on UK roads."", ""The legal minimum insurance requirement is third-party insurance."", ""Third-party insurance covers damage to others."", ""Third-party insurance covers injury to others."", ""Third-party insurance does not cover your own vehicle."", ""You should check with your insurance provider."", ""You should ensure you meet the requirements."", ""You should always carry your insurance documents with you when driving."", ""Carrying insurance documents is used to prove you have valid coverage.""]",10
I'm a retired woman in Wales and I want to become a motorcycle trainer. How much does it cost to take the DVSA special test and what happens if I don't pass it?,"[""The DVSA offers a special test."", ""The cost of the DVSA special test is \u00a3163."", ""If you don't pass the test, you'll need to pay the full amount again."", ""You have the option to take the test again if you don't pass."", ""It is important to prepare thoroughly for the test."", ""Retaking the test can be costly.""]",6
I'm modifying a goods vehicle and need to increase an axle weight. What steps do I need to take?,"[""You can fit higher capacity tyres to increase an axle weight."", ""You can get a declaration from the manufacturer that the vehicle complies with existing approvals to increase an axle weight.""]",2
What should I do if I need to inform DVLA that I've sold the vehicle of someone who has passed away?,"[""You must inform DVLA if you sell the vehicle."", ""The requirement to inform DVLA applies even if the sale is temporary."", ""When writing to DVLA Swansea about a deceased person, you should include their name."", ""When writing to DVLA Swansea about a deceased person, you should include their address."", ""When writing to DVLA Swansea about a deceased person, you should include their date of birth."", ""When writing to DVLA Swansea about a deceased person, you should include the date of death.""]",6
"How does the body process alcohol, and why is it different for everyone?","[""Certain factors influence how quickly alcohol is absorbed in the body."", ""Certain factors influence how quickly alcohol is broken down in the body."", ""A heavier person may process alcohol more slowly than someone lighter."", ""Eating before drinking can slow the absorption of alcohol into the bloodstream."", ""There are differences that affect the drink drive limit."", ""The drink drive limit cannot be measured exactly in terms of the number of drinks.""]",6
I'm a teacher and I need to explain the seat belt law to my students. What are the key points I should cover?,"[""The seat belt law requires everyone in a vehicle to wear a seat belt."", ""A seat belt is only required to be worn if one is fitted in the vehicle."", ""There are exceptions to the rule."", ""The exceptions to the rule are very few."", ""You are required to wear a seat belt in certain situations."", ""If you don't wear a seat belt when required, you can be fined."", ""The maximum fine for not wearing a seat belt when required is \u00a3500."", ""Children aged 12 or 13 must wear a seat belt."", ""Children over 135cm tall must wear a seat belt."", ""Failure to follow the rules can result in a fine."", ""The fine can be up to \u00a3500."", ""The fine will be imposed on the child's parent or guardian.""]",12
How do I register a new vehicle after buying it?,"[""You can get a new one if you don't have it."", ""It costs \u00a325 to get a new one."", ""You should register for MOT reminders."", ""A vehicle needs an MOT every year."", ""A vehicle is exempt from needing an MOT until it is 3 years old."", ""You should follow certain steps to keep your vehicle legal on the road.""]",6
How much does the ADI part 2 test cost?,"[""The ADI part 2 test costs \u00a3111."", ""You should be fully prepared before booking the test."", ""Retakes can result in additional costs."", ""Inadequate preparation can result in additional costs.""]",4
I want to transport goods from the UK to another country. What are the first steps I need to take?,"[""Specific licences are required for a journey."", ""Specific permits are required for a journey."", ""It is crucial to determine the required licences and permits for a journey.""]",3
Can I request information about a vehicle's registered keeper from DVLA and what is the process for doing so?,"[""To make a data request, you need to complete a data request form."", ""The data request form requires you to explain what data you need."", ""The data request form requires you to explain why you need the data."", ""The data request form requires you to explain how you plan to use the data."", ""The data request form requires you to explain how you plan to store the data."", ""The email address for submitting completed forms is dvladatarequests@dvla.gov.uk."", ""Completed forms should be emailed to this address."", ""You need to provide sufficient justification for your request."", ""The DVLA has criteria for what constitutes a reasonable cause."", ""Your request must meet the DVLA's criteria for reasonable cause.""]",10
Can I book a theory test without providing my pupil's details?,"[""You can book a theory test up to 6 months in advance."", ""You do not need to provide your pupil's details to book a theory test."", ""You must confirm your pupil's details before the test."", ""Confirmation of your pupil's details must be done at least one full working day before the test."", ""Confirmation is required for the test."", ""The purpose of confirmation is to ensure the test is correctly scheduled."", ""The test is for a pupil.""]",7
Can I ride my quad bike on the road without an MOT certificate?,"[""It meets road safety standards."", ""Your quad bike might not need an MOT certificate if it is less than 3 years old."", ""You should always check the specific requirements for your vehicle.""]",3
What are the steps to become a driving instructor?,"[""You need to apply for a new DBS check."", ""You need to agree to the responsibilities outlined in the ADI register guide."", ""You need to pass the theory test before proceeding with other tests."", ""You need to complete the driving ability test."", ""You need to complete the instructional ability test.""]",5
I'm considering taking the CBT instructor assessment in Wales. Is there any cost involved?,"[""The assessments are free."", ""The assessments are a good starting point for aspiring motorcycle instructors.""]",2
How do I set up my own motorcycle training business?,"[""You should market your services."", ""You should build a reputation as a reliable instructor."", ""You should build a reputation as a competent instructor."", ""Setting up your own business can be rewarding."", ""Setting up your own business requires careful planning."", ""Setting up your own business requires dedication.""]",6
I need to apply for my first GB driver digital tachograph card. What are the steps I should follow and what documents do I need to prepare?,"[""You can apply online for your first GB driver digital tachograph card."", ""Online applications for the first GB driver digital tachograph card are available to residents of England."", ""Online applications for the first GB driver digital tachograph card are available to residents of Scotland."", ""Online applications for the first GB driver digital tachograph card are available to residents of Wales."", ""You'll need a GB photocard driving licence."", ""You'll need your driving licence number."", ""You'll need a credit or debit card."", ""Your tachograph card will be sent to the address on your driving licence."", ""You should update your address if it is incorrect."", ""You should update your address before applying."", ""You must apply by post if you're living abroad."", ""You must apply by post if you have a paper driving licence."", ""You should provide accurate details."", ""Providing inaccurate details may cause delays.""]",14
I am an agricultural worker in Wales and I want to know if I can take time off for personal reasons. What are the rules regarding statutory leave and time off?,"[""You can take time off for personal reasons."", ""Time off for personal reasons falls under your statutory leave entitlement."", ""Your employer must allow you to take this leave."", ""You should inform your employer in advance.""]",4
I'm starting a small retail business and need to hire someone. What steps should I follow to ensure I'm following the correct procedures for employing someone and setting up their contract?,"[""Once hired, you must agree on a contract."", ""Once hired, you must agree on a salary."", ""The contract must include the National Minimum Wage."", ""These steps help ensure compliance with employment laws."", ""These steps protect you as an employer."", ""These steps protect the employee.""]",6
"If I was dismissed without notice and my employer went insolvent, what steps should I take to claim the money I'm owed for my notice period?","[""You can claim statutory notice pay if you were dismissed without notice."", ""Your employer must be insolvent for you to claim statutory notice pay."", ""You will need your National Insurance number to make a claim."", ""You will need an 'LN' claim reference number to make a claim."", ""You will need to provide details of any earnings during your notice period."", ""You will need to provide information about any unemployment benefits you claimed.""]",6
"What are the different ways I can ensure my employees have a say in how the business is run, and how does this affect their ownership stake?","[""These methods allow employees to participate in decision-making processes."", ""Employee ownership typically involves holding shares in the business."", ""Holding shares in the business gives employees a financial stake.""]",3
What are the key steps to prepare my business to employ staff?,"[""Employers must consider the National Minimum Wage when hiring staff."", ""Employers must consider National Insurance contributions when hiring staff."", ""Employers must consider sick pay when hiring staff."", ""Employers must consider maternity/paternity leave when hiring staff."", ""Employers must consider pension contributions when hiring staff."", ""You should understand your pension responsibilities."", ""You should obtain Employers' Liability insurance.""]",7
Can I get legal advice if I'm facing an employment tribunal claim?,"[""You can get legal advice if a claim is made against you."", ""The employment tribunal enquiry line can provide general guidance on the process."", ""The employment tribunal enquiry line cannot give legal advice.""]",3
I need to stop employing people in my business. What steps do I need to take to inform HMRC and close my PAYE scheme?,"[""You need to submit a final payroll return."", ""A final payroll return can be either a Full Payment Submission (FPS) or an Employer Payment Summary (EPS)."", ""There is a 'Final submission because scheme ceased' box that can be selected."", ""The date the PAYE scheme closed must be entered when the 'Final submission because scheme ceased' box is selected."", ""You should send your expenses and benefits returns."", ""You should update each employee's payroll record with a leaving date."", ""You should provide a P45 to the employee on their last day.""]",7
I'm a reservist in Scotland and my employer has asked about my training schedule. What should I tell them about the time off for training and how does it affect my job?,"[""Training typically involves one evening a week."", ""Training includes several weekends throughout the year."", ""Training includes a 15-day training course annually."", ""Your employer cannot make you redundant solely because of your training."", ""Your employer cannot make you redundant solely because of your mobilisation.""]",5
"I need to check a job applicant's right to work in the UK. Do I need to use their share code, or can I check their original documents instead?","[""You can check a job applicant's right to work using their share code."", ""You can check a job applicant's right to work using their original documents."", ""You can use a share code to verify eligibility."", ""Having a share code is required to verify eligibility."", ""You can check someone's original documents directly if you don't have their share code.""]",5
I'm a student in Scotland and I want to understand my contract and working hours. How do I find information about my rights and responsibilities regarding my working hours and contract terms?,"[""You can contact your employer directly for clarification."", ""Your employer can provide clarification on your specific contract."", ""It is important to review your contract carefully."", ""Your contract outlines your working hours."", ""Your contract outlines your pay."", ""Your contract outlines other terms of your employment.""]",6
What are the conditions for applying for an injunction to stop industrial action that affects my business?,"[""To apply for an injunction to stop industrial action, you must demonstrate that the action has prevented you from receiving goods or services."", ""To apply for an injunction to stop industrial action, you must demonstrate that the action is likely to prevent you from receiving goods or services."", ""The courts can issue an injunction in relation to trade union action."", ""An injunction can order a trade union to stop taking action."", ""An injunction can order individuals involved in the action to cease their involvement."", ""Seeking legal advice is recommended."", ""Legal advice can guide you through the application process.""]",7
I work in a retail store and am an agency worker. Can I take time off for training?,"[""Agency workers cannot take time off for training."", ""This restriction applies to all agency workers."", ""The restriction applies regardless of the agency worker's employment status.""]",3
"Can I employ a 12-year-old for a summer job in my shop, such as helping with customer service or stocking shelves?","[""Children under 13 are generally not allowed to work."", ""There are specific cases where children under 13 are allowed to work."", ""You must check with your local authority to see if they allow employing a child."", ""You must follow all necessary procedures when employing a child."", ""You may need to obtain a work permit to employ a child.""]",5
"I recently left my job and am trying to find a new one. Can I ask my previous employer for a reference, and what should I do if they refuse?","[""You can ask your previous employer for a reference."", ""You can ask for a reference after you start a new job."", ""There is no legal requirement to provide one unless specific conditions are met."", ""A written agreement can make providing one a legal requirement."", ""Being in a regulated industry can make providing one a legal requirement.""]",5
I heard that a union can be derecognised if the number of workers in the bargaining unit drops below 50%. How do I know if this applies to my workplace and what should I do next?,"[""The union's membership records can be reviewed to verify information."", ""The union can be contacted directly to verify information."", ""It is important to gather evidence showing the drop in membership."", ""There are correct procedures outlined by the CAC that must be followed.""]",4
I'm looking after my child and want to take some time off work to focus on their needs. How do I apply for unpaid parental leave and what rights do I have while I'm away?,"[""Your employment rights are protected during this period."", ""You have the right to pay during this period."", ""You have the right to holidays during this period."", ""You have the right to return to your job during this period."", ""You should request the leave in writing."", ""You should ensure you understand the terms of your leave agreement."", ""It is important to discuss changes to your working hours with your employer."", ""It is important to discuss changes to your responsibilities with your employer."", ""Discussing changes with your employer helps to ensure everything is clear."", ""You should keep copies of all communication related to your leave application."", ""You should keep copies of all documentation related to your leave application.""]",11
I was dismissed from my job without proper notice. How can I find out if I am owed any compensation or if I can challenge the decision?,"[""You may be owed compensation if you were dismissed without proper notice."", ""The amount of compensation you may be owed depends on your length of service."", ""The amount of compensation you may be owed depends on the circumstances of your dismissal."", ""You should receive the statement within 14 days of your request."", ""You may be entitled to claim for unfair dismissal."", ""Your employer must follow fair procedures when dismissing you.""]",6
I need to check an employee's immigration status because they don't have their documents. What steps should I follow to use the Employer Checking Service and avoid fines?,[],0
I need to know what steps I should take if my partner's baby is in neonatal care and I want to take leave and get pay. How do I apply for this and what do I need to do to ensure I get the right amount of leave and pay?,"[""Your employer will need the baby's date of birth."", ""Your employer will need the start date of neonatal care."", ""Your employer will need the end date of neonatal care."", ""Your employer will need your employment status."", ""You can take up to 12 weeks of leave."", ""The leave is granted based on the number of consecutive full days the baby spends in neonatal care."", ""For every 7 consecutive full days the baby spends in neonatal care, you are entitled to one week of leave."", ""You will receive either \u00a3187.18 per week or 90% of your average weekly earnings as payment."", ""The payment you receive will be the lower of the two options."", ""Tax will be deducted from the payment."", ""National Insurance will be deducted from the payment.""]",11
What should I do if I receive a claim against me and conciliation hasn't worked?,"[""If conciliation hasn't worked, you'll receive a response pack."", ""The response pack will be from the tribunal."", ""You can respond online using the ET3 form."", ""You can respond by submitting a paper form."", ""The employment tribunal central office for Scotland is a location where you can submit a paper form."", ""The employment tribunal central office for England and Wales is a location where you can submit a paper form."", ""It's important to act quickly."", ""Acting quickly can help avoid negative consequences.""]",8
"I've tried talking to my manager about a problem at work, but nothing has been resolved. How do I formally raise a grievance and what happens next?","[""You can appeal if you're not happy with the outcome."", ""It is important to follow the Acas code of practice."", ""Following the Acas code of practice ensures your claim is handled fairly.""]",3
I'm a retired person in Wales and I want to know how to report my employer for not paying me the correct National Minimum Wage. What steps should I take?,"[""You should contact HM Revenue and Customs (HMRC) to report your employer for not paying the correct National Minimum Wage."", ""The contact details can be found on the gov.uk website."", ""You need to contact HMRC to initiate an investigation into your complaint."", ""HMRC will investigate your complaint."", ""HMRC will take appropriate action if necessary."", ""You don't need to go through the process alone."", ""HMRC will guide you through the steps.""]",7
I'm managing an employee in Scotland who has taken multiple periods of sickness. How do I know if these periods are considered linked and if I need to calculate SSP manually?,"[""Gaps between periods of sickness of eight weeks or less are considered linked."", ""Linked periods of sickness are classified as periods of incapacity for work (PIW)."", ""There is a calculator available for calculating SSP."", ""If there are multiple linked PIW, the calculator cannot be used."", ""Manual calculation of SSP is required for multiple linked PIW."", ""The calculator cannot be used for periods of sickness before 6 April 2011.""]",6
I'm a teacher and I want to work part-time. How do I legally request a change to my working hours and what should I expect from my employer?,"[""You have the legal right to request a change to your working hours."", ""A request for a change to working hours is called a 'statutory application'."", ""Your employer must handle your request in a 'reasonable manner'."", ""Your employer's handling of your request must include assessing the pros and cons."", ""Your employer's handling of your request must include discussing alternatives."", ""Your employer's handling of your request must include offering an appeal process."", ""You should make your request in writing."", ""You should keep a record of all communications.""]",8
How do I calculate my holiday entitlement if I work part-time and irregular hours?,"[""There is a holiday entitlement calculator provided by the government."", ""The holiday entitlement calculator can be used by part-time workers."", ""The holiday entitlement calculator can be used by workers with irregular hours."", ""You should check your employment contract for additional leave offered by your employer.""]",4
"I'm thinking about buying a small business, but I'm worried about the employees. How can I know if their jobs will stay the same if the business changes hands?","[""The business can be sold as a going concern."", ""TUPE protects employees."", ""TUPE applies when a business is sold as a going concern.""]",3
I'm a nurse looking to hire a part-time caregiver for elderly patients. How do I ensure that the caregiver is being paid correctly according to the National Minimum Wage for different types of work?,"[""Hourly paid workers' total hours should be checked."", ""The check is against the minimum wage rate."", ""Salaried employees have an annual salary."", ""To find an hourly rate, the annual salary must be converted."", ""The conversion involves dividing the annual salary by the number of salaried hours worked each year."", ""Workers paid by the piece must have their earnings calculated based on the minimum wage per hour."", ""Workers can be paid in ways other than an hourly rate, such as a fixed amount for a job."", ""The hourly rate of workers paid in non-hourly ways should be determined."", ""The determined hourly rate should meet the minimum wage.""]",9
I'm a teacher in Scotland and I need to know what steps I should take to prepare for Making Tax Digital for Income Tax as a sole trader.,"[""To use HMRC's system, you must sign up."", ""You must use compatible software to keep digital records for HMRC's system."", ""You must use compatible software to submit your tax returns."", ""You should watch the introductory videos to understand the process."", ""You should attend webinars to understand the process.""]",5
"I'm a nurse in Wales and I'm considering selling shares in a company that I've owned for several years. What are the specific requirements I need to meet to qualify for Business Asset Disposal Relief, especially regarding the company's activities and my shareholding?","[""To qualify for Business Asset Disposal Relief when selling shares, the company must primarily engage in trading activities."", ""The company must not primarily engage in non-trading activities to qualify for Business Asset Disposal Relief when selling shares."", ""Investments are considered non-trading activities."", ""You must have owned at least 5% of the company's shares for at least two years before selling."", ""You must have had at least 5% of the company's voting rights for at least two years before selling."", ""The shares must be from an Enterprise Management Incentive (EMI) scheme."", ""You must have bought the EMI shares after 5 April 2013."", ""You must have been given the option to buy the EMI shares at least two years before selling them."", ""You should check if your shareholding remains above 5%."", ""You can elect to treat the shares as if you sold and re-bought them before new shares were issued.""]",10
I'm running a small business and want to claim tax relief on some equipment I bought. How do I calculate the writing down allowances for these items?,"[""The exact percentages can be found on the GOV.UK website."", ""The exact percentages can be found in the 'Capital allowances: detailed information' section."", ""Each item has a category that needs to be identified."", ""A percentage is applied to the value of each item."", ""The percentage is applied annually.""]",5
What are the consequences if I fail to register with CIS before taking on a subcontractor?,"[""You are required to register before hiring your first subcontractor."", ""Failure to register may lead to penalties."", ""All subcontractors should be registered with CIS."", ""Following the correct procedures is necessary to avoid legal issues related to CIS.""]",4
I'm a nurse and I've been asked to help manage a trust for a patient. What steps should I take to ensure I understand the tax implications and responsibilities of being a trustee?,"[""As a trustee, you are responsible for managing the trust's assets."", ""As a trustee, you must manage the trust's assets according to the settlor's wishes."", ""As a trustee, you are responsible for paying any tax due on the trust's assets."", ""You should keep accurate records of all transactions."", ""You should report any changes in the trust's status to HMRC.""]",5
"I need to pay Machine Games Duty, but I'm not sure how to calculate the amount I owe. What steps should I take to ensure I file the correct return and make the payment on time?","[""The usual period is 3 months."", ""It is possible to agree with HMRC for a different period."", ""You should choose a payment method that allows you to meet the deadline."", ""Late payments may result in penalties."", ""Late payments may result in interest.""]",5
I heard about the 'Breathing Space' scheme. Can I still proceed with a bankruptcy petition if the debtor is using this scheme?,[],0
I'm a teacher in Scotland and I need to apply for a National Insurance number. What do I need to do and how long will it take?,"[""You can apply online."", ""You can apply by phone."", ""It can take up to 4 weeks to receive your number."", ""You should call the application helpline if you applied more than 4 weeks ago."", ""If you applied more than 4 weeks ago, you should not have received a response yet if you are calling the helpline."", ""You need to have your application reference number ready when you call.""]",6
I work as a nurse and need to understand if I have to register with HMRC for anti-money laundering regulations. What are the requirements and steps to register?,"[""The regulations apply to accountants."", ""The regulations apply to tax advisers."", ""The regulations apply to other professions."", ""You should check if your role falls under the list of professions that require registration."", ""You should contact the relevant supervisory authority if you need to register."", ""The supervisory authority is specific to your profession."", ""Accountants might need to register with a professional body."", ""The Association of Chartered Certified Accountants (ACCA) is a professional body for accountants.""]",8
I'm the executor of my uncle's will and need to submit Inheritance Tax. What form do I use to report the value of his property and land?,"[""There is a specific form for reporting the value of property and land for Inheritance Tax."", ""The form is titled 'Tell HMRC about houses, land, buildings and interest in land for Inheritance Tax'."", ""The form has a date of 15 June 2018."", ""This form is used to detail the value of real estate owned by the deceased."", ""The value of real estate owned by the deceased is crucial for calculating the tax liability."", ""You may need to submit other forms alongside the main form."", ""One of the forms you may need to submit is the Inheritance Tax account (IHT400)."", ""The purpose of submitting the Inheritance Tax account (IHT400) is to fully report the estate's value."", ""Ensure all information is accurate."", ""Inaccurate information can cause delays."", ""Inaccurate information can result in penalties.""]",11
I'm a nurse and I've received a Simple Assessment letter. How do I pay the tax I owe and what happens if I don't pay on time?,"[""You will receive a Simple Assessment letter if you have tax to pay."", ""The Simple Assessment letter will state a deadline for payment."", ""You must pay the tax you owe by the deadline stated in the Simple Assessment letter."", ""You can pay online."", ""You can pay by phone."", ""You can pay by post."", ""If you can't pay on time, you should contact HMRC."", ""You should explain your situation to HMRC when you contact them."", ""It's important to act quickly when dealing with HMRC."", ""Acting quickly can help avoid penalties from HMRC."", ""Acting quickly can help avoid further action from HMRC.""]",11
"I recently moved house and need to update my address with HMRC. How do I do this, and what do I need to prepare?","[""You can create a personal tax account when you sign in for the first time."", ""You do not need to have a personal tax account before signing in for the first time."", ""You should wait until you've moved before updating your address with HMRC."", ""Your new address will be correctly recorded."", ""You will receive any relevant communications at your new address.""]",5
I'm running a limited company in Wales and need to file my accounts and tax return. What steps should I follow to ensure everything is done correctly and on time?,"[""You will need your Government Gateway user ID to file."", ""You will need your Government Gateway password to file."", ""You will need your Companies House password if filing together."", ""You will need your Companies House authentication code if filing together."", ""The service closes on 31 March 2026."", ""It is recommended to prepare early for the service closure."", ""You can use the paper form CT600 if you cannot file online."", ""You can use the paper form CT600 if you have a reasonable excuse."", ""You can use the paper form CT600 to file in Welsh."", ""If you use the paper form CT600, you must also complete and submit form WT1.""]",10
I'm a nurse and I want to know how to estimate my Income Tax for the current year. I earn a salary and have a pension contribution. How do I use the service to calculate my tax and National Insurance payments?,"[""This tool helps you calculate your tax."", ""The tax calculation is based on your salary."", ""The tax calculation is based on your pension contributions."", ""The tax calculation is based on your student loan repayments."", ""A pay slip shows how much you'll take home after deductions.""]",5
I inherited a pension pot from my late partner and want to know if I need to pay tax on the money I receive. What steps should I take to understand my tax obligations and how to report them to HMRC?,"[""The tax depends on the type of payment."", ""The tax depends on the pension pot type."", ""The tax depends on the age of the person who died."", ""The pension pot owner's age at death affects the tax on the lump sum."", ""The pension pot owner must be under 75 for the tax rules to apply."", ""A lump sum paid more than 2 years after the pension pot owner's death may be subject to tax."", ""A lump sum exceeding the lump sum and death benefit allowance may be subject to tax."", ""You should inform HMRC within 13 months of the death if tax is owed."", ""You should inform HMRC within 30 days after realizing tax is owed.""]",9
What should I do if I'm facing a court claim for debts and I'm not sure whether to go bankrupt or seek other options?,"[""It is important to understand your options before making a decision about bankruptcy."", ""It is important to understand the potential consequences of bankruptcy before making a decision.""]",2
I'm a retired person who has been paying the reduced rate of National Insurance. How do I stop paying the reduced rate and start paying the standard rate?,"[""You need to inform HMRC if your circumstances have changed."", ""Informing HMRC of a change in circumstances will stop you paying the reduced rate."", ""Informing HMRC of a change in circumstances will cause you to start paying the standard rate."", ""Your employer will complete part 2 of your certificate of election."", ""Your employer will return the completed part 2 to you."", ""If you're self-employed, you should register to pay Class 2 National Insurance."", ""You should register to pay Class 2 National Insurance immediately if you're self-employed."", ""If you're self-employed, you should register to pay Class 2 National Insurance immediately."", ""Once you give up your right to the reduced rate, you cannot claim it again.""]",9
I recently moved house and need to update my address with HMRC. How do I do this and what do I need to prepare beforehand?,"[""You should have a personal tax account before starting."", ""You can create an account when you sign in for the first time if you don't already have one."", ""You might need to prove your identity."", ""Proving your identity usually involves providing photo ID."", ""A passport is an example of photo ID that can be used to prove your identity."", ""A driving licence is an example of photo ID that can be used to prove your identity."", ""This process ensures your details are secure."", ""This process ensures your details are up to date."", ""You should wait until you've moved before updating your address with HMRC.""]",9
I'm running a limited company and received a notice to deliver a Company Tax Return. What should I include in my tax return and when do I need to submit it?,"[""You can hire an accountant to complete it."", ""You can complete it yourself."", ""The deadline for submitting your tax return is determined by the end of your accounting period."", ""The deadline for submitting your tax return is 12 months after a specific date."", ""The specific date used to calculate the deadline is the end of your accounting period."", ""Missing the deadline may result in penalties."", ""You must pay your Corporation Tax bill by a specific deadline."", ""The Corporation Tax bill deadline is 9 months and 1 day after the end of your accounting period."", ""You should include all relevant financial figures."", ""You should follow the guidance provided by HMRC.""]",10
My relative has been placed in care and needs help with their tax credits. What steps should I take to manage their claim effectively?,"[""If your relative is in care, they may need help with their tax credits."", ""You should contact HMRC to discuss the options available for helping your relative with their tax credits."", ""You are an authorised intermediary."", ""You can assist with contacting HMRC about a claim."", ""You should have the proper documentation before taking action on someone's behalf."", ""You should have authorization before taking action on someone's behalf.""]",6
I'm a student in Wales and I want to know what information I need to provide to use the Self Assessment tax calculator for estimating my tax bill. What details should I enter?,"[""Profits from self-employment are considered income."", ""Rental income from property is considered income."", ""Income from a State Pension is considered income."", ""Income from an occupational pension is considered income."", ""Income from paid employment is considered income."", ""You need accurate figures for each income type."", ""Having accurate figures will help you get a reliable estimate.""]",7
"I need to submit my Self Assessment tax return, but I'm not sure if I should do it online or print it out. What's the best way to go about it?","[""You can file your Self Assessment tax return online."", ""Filing your Self Assessment tax return online is the easiest method."", ""Filing your Self Assessment tax return online is the fastest method."", ""It is important to have financial records ready to complete the form."", ""Bank statements are a type of financial record that should be ready."", ""Receipts are a type of financial record that should be ready."", ""Having financial records helps to accurately complete the form.""]",7
"I heard there are council garages available, but I'm not sure how to apply. Can you explain the process?","[""Your local council manages council garage opportunities."", ""You need to contact your local council to apply for a council garage."", ""There may be a waiting list."", ""You should check availability regularly."", ""You must be over 18 years old to be eligible.""]",5
"If I am a landlord with multiple flats rented out on assured shorthold tenancies, how many votes do I get in an RTM company and what happens if the RTM process doesn't result in the building being managed by them?","[""The RTM company is responsible for paying costs incurred during the management transfer process."", ""The RTM company's payment responsibility for costs applies regardless of the outcome of the RTM process.""]",2
My leaseholder association is not recognized by the landlord. How can I resolve this issue through the tribunal?,"[""A leaseholder association can be unrecognized by a landlord."", ""There is a process to address disputes over leaseholder association recognition."", ""The First-Tier Tribunal can address disputes over leaseholder association recognition."", ""The process is free."", ""The tribunal is independent of government.""]",5
Is there any support available for people who have missed mortgage payments?,"[""Support for Mortgage Interest (SMI) cannot be used to cover missed mortgage payments."", ""There are alternatives that might help you manage your mortgage arrears.""]",2
Are there any other schemes similar to Rent to Buy in the UK besides England?,"[""There is a Rent to Buy scheme in England."", ""There are different schemes in other parts of the UK."", ""The Rent to Own scheme in Wales is closed to new landlords."", ""Some properties might still be available in the Rent to Own scheme in Wales."", ""You should check with your local housing authority to find out more about available schemes."", ""You can find out more about available schemes on relevant government websites.""]",6
"I submitted a listed building consent application, but the decision came late. What should I do now?","[""You must appeal within 6 months of the decision date."", ""You must appeal within 6 months of the date the decision was due."", ""Only the person who applied can appeal."", ""The applicant should ensure they are the correct person to have made the application.""]",4
I'm trying to understand if I can get help with my mortgage interest payments. What are the conditions for receiving Support for Mortgage Interest (SMI)?,"[""SMI helps with interest payments on your home's mortgage."", ""SMI helps with interest payments on loans for home repairs and improvements."", ""You can't use SMI for insurance policies."", ""You can't use SMI for missed mortgage payments."", ""You should check if you meet the criteria for a qualifying benefit."", ""You should consider speaking to your lender for other possible options.""]",6
I'm a landlord in England and my tenant has an excluded tenancy. What do I need to do if they refuse to leave after giving them reasonable notice?,"[""To quit a rental agreement, you need to give the landlord 'reasonable notice'."", ""'Reasonable notice' is typically the length of the rental payment period."", ""You can give someone a notice to leave."", ""If someone refuses to leave after being given notice, you can take further action."", ""You are allowed to change the locks on someone's room even if they still have belongings inside.""]",5
I'm selling a home that I rent out to tenants. What do I need to do about the tenants?,"[""If you're selling a property you rent out to tenants, you'll need to check if you need to pay Capital Gains Tax."", ""If you're selling a property you rent out to tenants, you may need to give your tenants notice to end the tenancy."", ""The tenancy agreement should be properly handled."", ""Any necessary paperwork related to the tenancy agreement should be completed.""]",4
"I'm considering renting a property in England, but I heard about a scheme called Rent to Buy. Is this scheme still available, and how does it work?","[""The Rent to Buy scheme is available in England."", ""The Rent to Buy scheme is not available in London."", ""A separate scheme called London Living Rent applies in London."", ""The scheme allows tenants to pay a discounted rent."", ""The discounted rent is usually 20% below market rent."", ""The goal is to help save for a deposit."", ""The purpose of saving for a deposit is to eventually buy a home."", ""The scheme is not available in Scotland."", ""The scheme is not available in Wales."", ""The scheme is not available in Northern Ireland."", ""Different schemes exist in Scotland, Wales, and Northern Ireland.""]",11
"I live in a council home in Wales and I'm considering buying it. Can I apply for the Right to Buy scheme with my spouse, who also lives with me but isn't part of the same tenancy?","[""You can apply for the Right to Buy scheme with your spouse."", ""Your spouse does not need to be part of the same tenancy to apply for the Right to Buy scheme with you."", ""The scheme allows joint applications."", ""Joint applications can include up to three family members."", ""Family members included in a joint application must have lived with the main applicant for the past 12 months.""]",5
How do I find out if my local council provides pest control services in Wales?,"[""Pest control services are available in England and Wales."", ""You can contact your local council to confirm if they offer pest control services."", ""There are entities that can assist with reporting pest issues."", ""These entities can help with the necessary steps to address pest issues.""]",4
I'm a landlord in Wales and I received a civil penalty notice for not checking my tenant's right to rent. How can I challenge this decision?,"[""If you receive a civil penalty notice, you have the right to object to it."", ""You have 28 days to object to a civil penalty notice."", ""You will get an objection outcome notice after you object."", ""You will receive the objection outcome notice within 28 days."", ""You can appeal if you still disagree with the decision."", ""The appeal must be made within 28 days of the objection outcome notice."", ""You need to send form N161 to your nearest county court."", ""You need to send a copy of form N161 to the Government Legal Department."", ""If you lose the appeal, you might have to pay the Home Office's legal costs.""]",9
I want to know how I can get a more precise record of my property boundary in Wales. What options are available to me if I need to resolve a dispute with my neighbor?,"[""You can apply for a determined boundary through the Land Registry."", ""A determined boundary application involves a surveyor determining the exact boundary.""]",2
Can I use the Rent to Buy scheme in England if I live in London?,"[""The Rent to Buy scheme is not available in London."", ""London residents are covered by a separate scheme."", ""The separate scheme for London residents is called London Living Rent."", ""The scheme helps tenants save for a deposit."", ""The scheme offers properties at a discount.""]",5
I'm renting a mobile home on a park and I received a written agreement. How long do I have to review it before signing and what should I check for?,"[""You have 28 days to review the written agreement."", ""The written agreement must be signed within 28 days of review."", ""You have a minimum set of legal rights as a park home owner."", ""One of your legal rights is the right to keep your park home on its pitch."", ""Look for the rules."", ""Look for the charges."", ""Look for the services outlined."", ""The agreement should clearly state your responsibilities."", ""Keeping your home clean is one of your responsibilities."", ""Keeping your pitch clean is one of your responsibilities."", ""Keeping your home tidy is one of your responsibilities."", ""Keeping your pitch tidy is one of your responsibilities."", ""You should seek clarification if anything is unclear."", ""You should not sign until you have sought clarification for unclear matters.""]",14
I need to find a service to dispose of old batteries and chemicals safely. How do I locate the correct local service for this in England?,[],0
Can anyone other than the person who made the application appeal a minor commercial development decision?,"[""It is important to confirm your identity before proceeding with an appeal."", ""You should contact your local planning authority if you have questions about the application."", ""You should contact your local planning authority if you have questions about the decision.""]",3
How can I find out if I am eligible for legal aid during an eviction process?,"[""You can visit the Civil Legal Advice website to check if you're eligible for legal aid."", ""You can contact a legal aid adviser to check if you're eligible for legal aid."", ""They will assess your situation."", ""They will determine if you qualify."", ""It is important to apply as soon as possible."", ""Applying as soon as possible helps ensure you receive assistance.""]",6
I'm a landlord in Scotland and I received a civil penalty notice for not checking my tenant's right to rent. How can I object to the penalty?,"[""You can object if you're not the landlord."", ""You can object if you made a correct check."", ""You can object if the penalty was calculated incorrectly."", ""You can appeal if you still disagree with the decision."", ""The appeal must be made within 28 days of the objection outcome notice."", ""You need to send form N161 to your nearest county court."", ""You need to send a copy of form N161 to the Government Legal Department.""]",7
I'm 17 and have been homeless for a few weeks. How does Children's Services help me find a place to live and what options are available if returning home isn't safe?,[],0
"If I get a Migration Notice, do I need to do anything else besides switching to Universal Credit?","[""If you get a Migration Notice, you need to switch to Universal Credit."", ""You need to switch to Universal Credit by the deadline in your letter."", ""If you switch to Universal Credit by the deadline, you will keep getting financial support."", ""You should sign in to your Universal Credit account."", ""You should update your details in your Universal Credit account."", ""It is important to act quickly when dealing with benefits."", ""Acting quickly can help you avoid losing your benefits."", ""You should check if other benefits you receive are affected by this change.""]",8
My child is doing a Foundation Apprenticeship in Scotland. Do I still get Child Benefit?,"[""You can still get Child Benefit if your child is in approved education."", ""You can still get Child Benefit if your child is in approved training."", ""Foundation Apprenticeships in Scotland are considered approved education."", ""You need to inform HMRC about your child's education or training status."", ""Your child must be in approved education or training for you to inform HMRC."", ""You can do this online."", ""You can do this by contacting HMRC directly."", ""You should provide details about the course.""]",8
I recently started a new relationship and moved in with my partner. Do I need to report this change to HMRC and what steps should I take?,"[""Starting a relationship is a significant life event."", ""Ending a relationship is a significant life event."", ""Moving in with a new partner is a significant life event."", ""Getting married is a significant life event."", ""Forming a civil partnership is a significant life event."", ""You should inform HMRC as soon as possible."", ""Informing HMRC promptly ensures your tax credits are calculated correctly."", ""You do not need to report a change again if you have already used the 'Tell Us Once' service."", ""You should provide necessary documentation to support your report."", ""Necessary documentation may include proof of your new address."", ""Necessary documentation may include proof of your relationship status.""]",11
I'm a nurse and I'm temporarily unable to work because of a serious illness. How do I find out what benefits I could be entitled to and how much I might get?,"[""Benefits calculators will give you an estimate of the benefits you could get."", ""Benefits calculators will give you an estimate of how much your payments could be."", ""Benefits calculators will show how starting work might affect your benefits."", ""Benefits calculators will show how changing your circumstances might affect your benefits.""]",4
"I'm trying to apply for free school meals for my child, but I'm not sure which benefits I qualify for. How do I check if I'm eligible and what steps should I take?",[],0
"If I'm over State Pension age and living with my partner who hasn't reached State Pension age, can I still claim Housing Benefit?","[""You can claim Housing Benefit if you're over State Pension age."", ""You can claim Housing Benefit if you're living with your partner."", ""Your partner must not have reached State Pension age to claim Housing Benefit."", ""You must meet the criteria to claim Housing Benefit."", ""You may be in a situation where you and your partner have both reached State Pension age."", ""You may be in a situation where one of you has reached State Pension age and the other has not."", ""If one partner has reached State Pension age, they can start claiming Pension Credit before 15 May 2019."", ""Being in supported housing is one of the situations that is included."", ""Being in sheltered housing is one of the situations that is included."", ""Being in temporary housing is one of the situations that is included."", ""If you're not eligible for a certain benefit, you may need to apply for Universal Credit instead.""]",11
I'm the widow of someone who worked for the National Coal Board. How do I apply for the National Concessionary Fuel Scheme and get the cash allowance for fuel?,"[""You should contact your local council to apply for the National Concessionary Fuel Scheme."", ""In Wales, you should contact the relevant authority to apply for the National Concessionary Fuel Scheme."", ""They will assess your eligibility."", ""The assessment of your eligibility will be based on your spouse's employment history."", ""Your spouse's employment history must be with the National Coal Board to be considered in the assessment."", ""You may receive free solid fuel if you qualify."", ""You may receive a cash allowance for fuel if you qualify."", ""The cash allowance is only available to those already receiving fuel through the scheme."", ""You need to provide proof of your spouse's employment when applying."", ""You need to provide proof of your relationship to your spouse when applying.""]",10
What are the options for getting help and advice if I'm struggling with my housing benefit decision?,"[""You can get free help and advice from Citizens Advice if you're struggling with your housing benefit decision."", ""You can get free help and advice from Shelter if you're struggling with your housing benefit decision."", ""There are organizations that can guide you through the process of appealing a decision."", ""There are organizations that can guide you through the process of reviewing a housing benefit claim."", ""It's important to reach out for support as soon as possible."", ""Reaching out for support helps you understand your rights."", ""Reaching out for support helps you understand your options.""]",7
"I live in Wales and am expecting my first child. Can I still get the Sure Start Maternity Grant, or do I have to apply for something else?","[""In Wales, you cannot get the Sure Start Maternity Grant."", ""You can apply for the Pregnancy and Baby Payment."", ""There is a payment available to pregnant women in Wales."", ""To receive the payment, pregnant women in Wales must meet certain eligibility criteria."", ""You should apply for this payment within 11 weeks of your baby's due date."", ""You can also apply for this payment within six months after the baby's birth."", ""The payment does not need to be repaid."", ""The payment will not affect your other benefits."", ""It's important to check the eligibility requirements before applying.""]",9
I'm unsure whether I should appeal or complain about my tax credit decision. What's the difference?,"[""Appealing and complaining are different processes."", ""Appealing is a process for addressing issues with your tax credit decision."", ""Complaining is a process for addressing issues with your tax credit decision."", ""An appeal can be used if you believe a decision was incorrect."", ""An error in calculating your entitlement is a reason to appeal a decision."", ""A complaint can be made if you feel you were treated unfairly."", ""A complaint can be made if you feel you were treated unprofessionally."", ""You can contact HMRC's helpline to discuss options."", ""They can guide you on which process is appropriate for your situation.""]",9
"I'm expecting a baby and need to know what financial support I can claim. How do I check if I'm eligible for Maternity or Paternity Leave or Pay, or Maternity Allowance?","[""There is a government tool available."", ""The government tool can be used to determine which benefits you might qualify for.""]",2
"If I'm self-employed and report zero income, will I still get Universal Credit?","[""Your payment is calculated based on your reported earnings."", ""Your reported earnings are considered on a monthly basis.""]",2
Where can I apply for Housing Benefit in Wales?,"[""You can apply for Housing Benefit in Wales."", ""Housing Benefit applications in Wales are made through the local council."", ""They will provide you with the necessary forms."", ""They will provide you with guidance on the application process."", ""You should contact your council directly."", ""The purpose of contacting your council is to obtain the correct application materials."", ""You can find more information on the council's website."", ""You can find more information by visiting the council's offices."", ""You should check your eligibility before starting the application process."", ""Checking eligibility before starting the application process can help avoid unnecessary delays.""]",10
What happens if I move house while receiving Universal Credit?,"[""If you change your address while receiving Universal Credit, the amount you get for housing will be affected."", ""The amount you get for housing each month will be based on your housing costs."", ""The housing costs used to calculate your Universal Credit will be those at the end of your assessment period."", ""You need to report changes in your circumstances."", ""You should report these changes to your work coach."", ""Updating your information ensures that your Universal Credit payment reflects your current housing needs."", ""You can contact your local council for assistance."", ""You can contact your work coach for assistance.""]",8
I live in Wales and I'm worried about my Council Tax bill. How can I check if I'm paying the correct amount and if I'm eligible for any reductions?,"[""You will need to provide accurate information about your income."", ""You will need to provide accurate information about your savings."", ""You will need to provide accurate information about other relevant circumstances to determine your eligibility."", ""Certain groups may not be able to use the benefits calculators."", ""People living in residential care may not be able to use the benefits calculators."", ""Students may not be able to use the benefits calculators."", ""Contacting the council directly is often the best option for these groups.""]",7
I'm a teacher who was injured during a training exercise while in the reserves. How do I claim compensation for my injury?,"[""You can claim compensation if you were injured during a service-related activity."", ""A training exercise is considered a service-related activity."", ""The first step is to contact the Ministry of Defence's claims team."", ""They will assess your case."", ""They will determine if you qualify for financial support."", ""You may qualify for a lump sum."", ""You may qualify for regular payments."", ""You will need to provide evidence of your injury."", ""You will need to provide evidence of how your injury relates to your service."", ""There are time limits for making claims."", ""It is important to act quickly when making claims.""]",11
I'm a nurse and I'm worried about my financial situation. Where can I get help?,"[""You can use a benefits calculator if you're worried about your financial situation."", ""A benefits calculator can check what benefits you might be eligible for."", ""You will need to provide accurate information about your income."", ""You will need to provide accurate information about your savings."", ""You will need to provide accurate information about existing benefits."", ""You will need to provide accurate information about outgoings."", ""You will need to provide your Council Tax bill."", ""You can consult a local benefits adviser for guidance."", ""There are resources available to help you understand your options."", ""There are resources available to help you understand how changes in your situation might affect your benefits.""]",10
"I think my tax credit decision is wrong, but I'm not sure how to proceed. What should I do?","[""You can disagree with a tax credit decision if you believe it is incorrect."", ""You should contact HMRC's helpline."", ""You should explain your concerns to HMRC's helpline when you contact them."", ""They may review your case."", ""They may suggest an appeal."", ""You can request a formal appeal."", ""The formal appeal is an option if you're not satisfied with the initial response."", ""It is important to gather documents during the appeal process."", ""The documents gathered should be relevant to your case."", ""The documents gathered should support your case.""]",10
My business has debts and I want to close it. What are my options for dealing with the debts before closing?,"[""Your business has debts."", ""You have options to deal with business debts before closing."", ""Liquidating a company is an option."", ""Liquidating a company involves paying off debts."", ""Liquidating a company involves formally ending operations."", ""Striking off a company is an option."", ""Striking off a company removes it from the Companies Register."", ""A company that is struck off is no longer active."", ""It is advisable to seek professional advice when navigating legal implications."", ""It is advisable to seek professional advice when navigating financial implications.""]",10
"I'm part of a community group in Wales and we want to start an unincorporated association. Do we need to register it, and what happens if we make a profit?","[""If an association starts making a profit through trading, it will need to pay Corporation Tax."", ""If an association starts making a profit through other income sources, such as investments, it will need to pay Corporation Tax."", ""An association that makes a profit will need to file a Company Tax Return."", ""You should keep accurate records of all financial activities."", ""You should consult with a tax professional if needed.""]",5
I'm a tenant in Scotland and I suspect there's asbestos in the building I rent. Who is responsible for managing it?,"[""As a tenant in Scotland, you have some responsibility for managing asbestos."", ""The extent of your responsibility for managing asbestos depends on your lease or contract."", ""The lease specifies who is responsible for asbestos management."", ""If the lease specifies the landlord is responsible, they must handle asbestos management."", ""If the lease does not clarify who is accountable, you should check with your landlord."", ""If the lease does not clarify who is accountable, you should check with your managing agent."", ""You should determine who is accountable if the lease does not clarify this."", ""You can request information from your landlord about asbestos."", ""The information you can request includes the location of asbestos."", ""The information you can request includes the condition of asbestos."", ""Landlords are required to have an asbestos survey conducted."", ""The asbestos survey must be conducted by an accredited surveyor."", ""Landlords must maintain records of the asbestos survey findings."", ""You can seek advice from local authorities if you believe your landlord is not fulfilling their responsibilities."", ""You can seek advice from housing organizations if you believe your landlord is not fulfilling their responsibilities.""]",15
How can I find out if a company has been wound up or is in the process of being liquidated?,"[""Provisional liquidation occurs before a final decision on liquidation is made."", ""A court is involved in the process of provisional liquidation."", ""During provisional liquidation, a company's assets are frozen."", ""You should look for entries indicating insolvency."", ""You should look for entries indicating winding up."", ""The company may be in a state that requires external intervention."", ""You may need to contact the relevant authorities for more information."", ""You may need to contact the appointed liquidator for more information.""]",8
I recently sold some custom-made curtains online and a customer is returning them saying they are not as described. What should I do to handle this situation according to the law?,"[""You must offer a refund if the item is faulty."", ""You must offer a refund if the item is not as described."", ""You must offer a refund if the item does not do what it's supposed to."", ""You are not required to refund if the buyer damaged the curtains."", ""You are not required to refund if the buyer knew the curtains were faulty when buying."", ""You should ensure that your return policy does not mislead customers."", ""It is illegal to display misleading notices.""]",7
I need to check if another business's VAT number is valid. How do I go about doing this and what information will I get once I've checked it?,"[""There is an official government service to check a UK VAT number."", ""This will tell you if the number is valid."", ""This will provide the business's name."", ""This will provide the business's address."", ""The service is available in English."", ""The service is available in Welsh."", ""The service is accessible to a wider audience due to the language options.""]",7
I run a small business in Northern Ireland and I'm exporting goods to the EU. How do I know if I need to register for Intrastat and what are the thresholds for registration?,"[""You need to register for Intrastat if your business receives more than \u00a3500,000 worth of goods from the EU into Northern Ireland in a calendar year."", ""You need to register for Intrastat if your business moves more than \u00a3250,000 worth of goods to the EU from Northern Ireland in a calendar year."", ""There are thresholds that apply to goods."", ""These thresholds apply specifically to goods moving between Northern Ireland and the EU."", ""Goods traded between Great Britain and the EU do not require Intrastat registration."", ""Goods traded between Great Britain and Northern Ireland do not require Intrastat registration."", ""If you are not VAT registered, you do not need to register for Intrastat."", ""You need to submit Intrastat declarations on a monthly basis."", ""You must be registered before submitting Intrastat declarations.""]",9
I want to know if I can use trade mark decisions to decide whether to object to a trade mark. What steps should I take to evaluate the relevance of these decisions to my situation?,"[""Trade mark decisions can help you decide whether to object to a trade mark."", ""You should start by searching for decisions."", ""The search should be done on the Intellectual Property Office service."", ""The decisions you search for should be relevant to your case."", ""You should consider all aspects of the decision."", ""Considering all aspects will help you make an informed choice.""]",6
I want to start a business partnership with my friend. What steps do I need to follow to set up the partnership and register it with HMRC?,"[""The nominated partner is responsible for handling the partnership's tax affairs."", ""The nominated partner is responsible for maintaining business records."", ""It is important to agree on how profits will be shared."", ""It is important to agree on how losses will be shared."", ""All legal requirements must be met during registration.""]",5
I'm a small business owner in Wales and I want to end my commercial lease early. What steps should I take to ensure I'm following the correct procedure?,"[""The contract has a clause that specifies a notice period."", ""You need to give the other party notice if the condition is met."", ""You may need to meet certain conditions."", ""One of the conditions you may need to meet is paying rent by an agreed date."", ""You will need legal documents to prove the agreement.""]",5
What happens if I miss the deadline for filing my confirmation statement?,"[""Missing the deadline for filing your confirmation statement may result in penalties."", ""A confirmation statement is required by Companies House."", ""The purpose of the confirmation statement is to update your company's information with Companies House."", ""It is important to file your confirmation statement on time."", ""Filing your confirmation statement late can cause issues.""]",5
I need to get a copy of a patent document to prove ownership for a court case. How do I request a certified copy and what is the process?,"[""To get a certified copy of a patent document for a court case, you need to contact the relevant intellectual property office."", ""Certified copies are official documents."", ""Certified copies are called Certificates of the Registrar."", ""Certified copies are required for legal purposes."", ""Certified copies can be used to prove ownership."", ""You can request copies by post."", ""You can request copies online."", ""To request copies, you will need to provide the patent number."", ""To request copies, you will need to provide the name of the applicant."", ""It's important to request the correct type of copy."", ""Uncertified copies are not suitable for legal use."", ""The process might involve paying a fee."", ""The process involves waiting for the documents to be processed."", ""The processed documents will be sent to you.""]",14
"I want to complain about my insolvency practitioner, but I'm not sure where to start. What steps should I take to make sure my complaint is handled properly?","[""To complain about your insolvency practitioner, you should first contact them directly."", ""There is an online form provided by the professional authorising body."", ""The online form can be used if you're not satisfied with a response."", ""You should know which professional body your practitioner is affiliated with."", ""This information should be known before starting the process.""]",5
How can I find out if a company has changed its name or address recently?,"[""The government offers a free company information service."", ""The service can be used to find out if a company has changed its name."", ""The service can be used to find out if a company has changed its address."", ""Staying informed about a company's activities can be useful."", ""The information can be useful for business purposes.""]",5
I want to close my limited company in Scotland. What steps do I need to follow to strike it off the Companies Register?,"[""To strike off a limited company in Scotland, it must not have traded in the last 3 months."", ""To strike off a limited company in Scotland, it must not have sold stock in the last 3 months."", ""To strike off a limited company in Scotland, it must not have changed its name."", ""To strike off a limited company in Scotland, it must not be threatened with liquidation."", ""To strike off a limited company in Scotland, it must have no agreements with creditors."", ""You can apply online."", ""The application is made through the Companies Register."", ""If you are struck off, you will lose access to bank accounts."", ""If you are struck off, you will not be able to send money."", ""If you are struck off, you will not be able to receive money."", ""If you need to use the accounts again, you'll have to restore the company."", ""All company obligations must be met before an application is made.""]",12
I'm a nurse in Wales and I need to complain about an insolvency practitioner. How do I find out which professional body they belong to and what steps should I take?,"[""Contact details are usually listed on an organisation's official website."", ""You should keep copies of all correspondence."", ""These copies are for your records.""]",3
I want to copy a photograph for a school project. How do I check if I need a licence and what steps should I take?,"[""To copy a photograph, you need to check if it's protected by copyright."", ""If you can't find the owner, you might need an orphan works licence."", ""There are copyright exceptions that allow copying without a licence."", ""You should check if any of these exceptions apply."", ""You should apply for a licence if none of the other options apply.""]",5
I'm a teacher in Wales and I need to know how to apply for a Start Up Loan for my business. What steps should I follow?,"[""The application form should be completed with your business details."", ""The business details to be included on the application form include the type of business."", ""The business details to be included on the application form include your business plan."", ""If your loan is approved, the loan funds will be transferred to your business account.""]",4
"I need to request CCTV footage from a shop where I was present, but I'm not sure how to proceed. What steps should I follow to ensure my request is handled correctly?","[""To request CCTV footage from a shop, you should first locate the owner's details."", ""The owner's details are usually displayed on a sign near the camera."", ""You should provide a specific date and time."", ""You should provide proof of your identity."", ""You should provide a description of yourself."", ""The Information Commissioner's Office offers guidance."", ""The guidance provided is on how to proceed.""]",7
I received a fine from a magistrates' court and am having trouble paying it. What steps should I take to get my fine reviewed?,"[""You should contact the court directly to discuss your situation."", ""You should provide the court with any evidence of financial hardship."", ""The court may adjust the payment plan."", ""The court may reduce the fine."", ""It's important to act quickly when providing information about your circumstances."", ""Providing detailed information about your circumstances can increase the chances of a favorable outcome.""]",6
I received a jury summons and need to respond. What are the steps to reply and what happens if I don't respond?,"[""You need to reply to a jury summons within 7 days."", ""You can confirm your availability when replying to a jury summons."", ""You can change the date when replying to a jury summons."", ""You can ask to be excused when replying to a jury summons."", ""You can request help when replying to a jury summons."", ""You can reply online to the letter."", ""You need your juror number and details from the letter to reply online."", ""You can reply by post using the form provided."", ""It is important to act quickly."", ""Acting quickly can help avoid penalties.""]",10
How do I find out who is entitled to inherit if someone dies without a will and what steps do I need to take to apply for probate?,"[""When someone dies without a will, the intestacy rules determine who inherits."", ""The intestacy rules prioritize close family members."", ""Spouses are considered close family members under the intestacy rules."", ""Children are considered close family members under the intestacy rules."", ""Parents are considered close family members under the intestacy rules."", ""Siblings are considered close family members under the intestacy rules."", ""The process involves valuing the estate."", ""The value of the estate must be reported for inheritance tax."", ""The process ensures the proper distribution of assets according to the law.""]",9
I need to pay a court fee for a civil case in England. How do I know how much I need to pay and where to send the payment?,"[""To find out how much you need to pay for a civil case in England, you should check the list of fees."", ""The list of fees is provided by the court or tribunal."", ""The fee can be paid by phone."", ""The fee can be paid in person."", ""The fee can be paid online."", ""The fee can be paid by post."", ""You should confirm the payment method with the court or tribunal before making a payment."", ""You should confirm the payment details with the court or tribunal before making a payment.""]",8
"Can I bring someone with me to court to help me, and what are their limitations?","[""You can bring a McKenzie friend to help you in court."", ""This person can take notes."", ""This person can give you advice."", ""This person cannot speak for you."", ""This person cannot interfere with the proceedings."", ""This person cannot sign documents on your behalf."", ""The judge will decide whether you can have a McKenzie friend."", ""They are there to support you."", ""They do not represent you."", ""There is a role known as a McKenzie friend."", ""A McKenzie friend can assist you during the court process.""]",11
I want to suggest a new Community Payback project in my local area. What steps should I follow to submit a nomination and what information do I need to provide?,"[""To nominate a Community Payback project, you need to fill in an online form."", ""You can include photos of the project site to support your nomination."", ""You will receive a confirmation email after submitting the form."", ""Your nomination will be assessed."", ""You will be contacted again after your nomination is assessed."", ""You will be informed if work can start on your project."", ""You will be informed when work can start on your project if it is approved.""]",7
I need to understand who can apply for probate and inherit if someone dies without a will. What are the steps to determine who is entitled to the inheritance and how do I apply for probate?,"[""If someone dies without a will, the legal process to manage their estate is called intestacy."", ""The person responsible for managing the estate is called the administrator."", ""The administrator can be a close relative of the deceased."", ""A spouse can be the administrator of an estate."", ""A child can be the administrator of an estate."", ""A parent can be the administrator of an estate."", ""It is important to check for debts before distributing assets."", ""It is important to check for taxes to settle before distributing assets.""]",8
What should I do if I don't know about my single justice procedure case?,"[""It's important to act quickly."", ""Acting quickly ensures your case is reviewed properly.""]",2
I was recently convicted in the Crown Court and want to appeal my sentence. What steps do I need to take to apply for permission to appeal and what happens if I get it?,"[""You can complete the relevant form."", ""An easy read version of the form is available."", ""The easy read version is intended for those without legal representation."", ""The form must be returned within 28 days of the sentencing date."", ""The form can be returned by post."", ""The form can be returned by email."", ""If you are in prison, a prison officer can assist you."", ""A prison officer can help with sending a form."", ""If your appeal is granted, it will be heard by the Court of Appeal Criminal Division."", ""Your legal representative will present your case if your appeal is granted.""]",10
"If I see someone working illegally in the UK, what steps should I take to report it and what happens after I do?","[""You can report someone working illegally in the UK to the Home Office."", ""You can report someone working illegally in the UK to the Immigration Enforcement hotline."", ""The phone number for the Immigration Enforcement hotline is 0300 123 7000."", ""You need to report it."", ""The Home Office will investigate the claim after it is reported."", ""They may check the worker's immigration status."", ""They may take action if they find evidence of illegal employment."", ""It's important to provide as much detail as possible to help the authorities take swift action."", ""The person's name should be provided to the authorities."", ""The person's address should be provided to the authorities."", ""The nature of the person's employment should be provided to the authorities.""]",11
I need to know how to start using an enduring power of attorney for my mother who has recently lost her mental capacity. What steps should I follow?,"[""You should check the EPA document for specific instructions provided by her."", ""It is important to register the EPA."", ""Registration of the EPA should occur when the person loses mental capacity."", ""Registering the EPA ensures it is valid for making decisions on the person's behalf."", ""You should always act in her best interests."", ""You should involve her in decisions whenever possible.""]",6
"I want to nominate a Community Payback project for my local area, but I'm not sure what information I need to provide. What should I include in my nomination form?","[""To nominate a Community Payback project, you need to provide the name of the project or organisation."", ""You need to provide the location where the work would take place."", ""You need to provide information about nearby toilets and handwashing facilities."", ""You need to provide information about the accessibility of the site for people with mobility issues."", ""You need to provide a short description of the work to be done."", ""You need to provide your contact details."", ""The work should benefit the local community."", ""The work should not take paid work away from others."", ""The work should not make a profit for anyone.""]",9
I need to check if my friend has a lasting power of attorney registered. How do I find out the details and what do I need to do to access it?,"[""This service allows you to view details of LPAs."", ""The service only includes LPAs registered on or after 1 January 2016."", ""The service covers LPAs in England."", ""The service covers LPAs in Wales."", ""You need the donor's surname to access the information."", ""You need an access code to access the information."", ""The access code is generated by either the attorney or the donor."", ""The service provides a summary of the Lasting Power of Attorney (LPA)."", ""The summary includes the donor's details."", ""The summary includes the attorneys' details."", ""The summary explains how decisions are made under the LPA."", ""The summary outlines any restrictions on the LPA."", ""You can download a PDF copy of the summary."", ""You should note the date."", ""You should note your organisation's name."", ""The date and organisation's name will be recorded.""]",16
I was involved in a minor criminal case and want to know what kind of punishment I could face if found guilty. What are the possible sentences a magistrates' court can give?,"[""A possible penalty is up to 6 months in prison for a single offence."", ""A possible penalty is up to 12 months in prison for multiple offences."", ""A possible penalty is a fine."", ""A possible penalty is a community sentence."", ""A community sentence can include unpaid work."", ""A possible penalty is a ban."", ""A ban can be from driving."", ""A ban can be from keeping an animal."", ""If your sentence is longer than 6 months, the case will be passed to the Crown Court."", ""The Crown Court will handle further sentencing for cases passed to them."", ""It is important to understand the specific charges."", ""It is important to understand the potential outcomes before proceeding.""]",12
I was sectioned under section 3 and have been detained for treatment for 5 months. When can I apply to the Mental Health Tribunal to change my community treatment order?,"[""You can apply to the Mental Health Tribunal."", ""You can apply to the Mental Health Tribunal at any time."", ""The time limit for applying to the Mental Health Tribunal is within the first 6 months of detention."", ""You have been detained for 5 months."", ""You can apply now."", ""You can apply for legal aid."", ""Legal aid can cover the costs of legal help.""]",7
I've used a claims management company and am unhappy with the fees they charged me. How do I complain about their service and what steps should I take?,"[""If you're unhappy with the service from a claims management company, you should contact them directly."", ""You should ask the claims management company for a copy of their complaints procedure."", ""There is a process for handling complaints."", ""They can review your case."", ""They can help resolve disputes.""]",5
How long does it typically take to get a decision on a vehicle operator licence application?,"[""The typical processing time for a vehicle operator licence application is around 7 weeks."", ""All required documentation must be submitted."", ""The documentation must be submitted accurately."", ""Inaccurate submission of documentation can cause delays.""]",4
I was disqualified for 56 days or more. Do I need to apply for a new licence before driving again?,"[""If you were disqualified for 56 days or more, you must apply for a new licence."", ""You cannot drive again until you have applied for a new licence after a disqualification of 56 days or more."", ""The court will inform you if you need to take a specific action."", ""You cannot drive until you have a new licence.""]",4
I want to become an ADR driver but have a criminal record. Can I still qualify as an ADR driver?,"[""You can qualify as an ADR driver even if you have a criminal record."", ""Having a criminal record does not automatically disqualify you."", ""Employers may have specific policies regarding criminal records.""]",3
How do I apply to tax my Heavy Goods Vehicle (HGV)?,"[""To tax your Heavy Goods Vehicle (HGV), you need to fill in form V85."", ""You must apply for HGV tax in person."", ""You can apply for HGV tax at a Post Office that deals with vehicle tax."", ""You must take your vehicle log book (V5C) with you."", ""You can apply for a replacement log book if you don't have one.""]",5
What do I need to do to legally ride an e-scooter in Wales?,"[""There are designated trial areas."", ""The trial areas have permitted zones."", ""You should check if you are within the permitted zones.""]",3
How do I find out if my local council in Scotland offers dropped kerb applications and what the process involves?,"[""Dropped kerbs are available in England."", ""Dropped kerbs are available in Wales."", ""Dropped kerbs are not available in Scotland."", ""You should check your council's website to find out if your local council provides this service."", ""The Royal Mail has a postcode finder."", ""The Royal Mail postcode finder can be used to locate a council's website.""]",6
I need to know the correct way to display my number plates on my car. What are the rules and what happens if I don't follow them?,"[""Number plates must show your registration number correctly."", ""Number plates must not have any changes to the letters on them."", ""Number plates must not have any changes to the numbers on them."", ""Failure to display something properly can result in a fine of up to \u00a31,000."", ""Failure to display something properly will cause a vehicle to fail its MOT test."", ""The current format of a registration includes 2 letters for the registration region."", ""The current format includes 2 numbers for the issue date."", ""The current format includes 3 random letters."", ""Number plates should be visible."", ""Number plates should not be altered.""]",10
I'm 16 and want to learn to ride a moped. When can I take the theory test for this?,"[""The theory test has two parts."", ""One part of the theory test is multiple-choice questions."", ""The other part of the theory test is hazard perception."", ""The hazard perception part of the theory test is a video test."", ""The hazard perception test is about spotting hazards on the road."", ""You can take the theory test before completing compulsory basic training (CBT)."", ""You can take the theory test after completing compulsory basic training (CBT).""]",7
I received a penalty charge notice for a traffic rule violation. How do I challenge it and what are the steps involved?,"[""It is advisable to gather relevant information before initiating the challenge process."", ""Gathering relevant information can strengthen your case.""]",2
How do I apply for a provisional driving licence in Scotland?,"[""To apply for a provisional driving licence in Scotland, you need to visit a Post Office."", ""To apply for a provisional driving licence in Scotland, you need to visit a driver and vehicle licensing centre."", ""The minimum cost is \u00a334."", ""The maximum cost is \u00a343."", ""You will receive your provisional licence in the post after applying."", ""The minimum age required to start learning to drive is 17."", ""You can start learning to drive at the age of 17.""]",7
What should I do if I need a paper copy of a DVLA form and can't print it myself?,"[""You'll need to bring your ID."", ""You'll need to know which form you need."", ""This service is available for various forms."", ""The D1 form is one of the forms available through this service."", ""The D2 form is one of the forms available through this service.""]",5
How can I challenge a parking fine if I believe it was issued incorrectly?,"[""You can challenge a parking fine if you think it was issued incorrectly."", ""Challenges to parking fines are made through the relevant authority."", ""You should check the fine's details."", ""The purpose of checking the fine's details is to confirm the issuing body."", ""There are instructions provided on the fine."", ""The instructions on the fine should be followed to appeal."", ""You might need to provide evidence to support your case."", ""You might need to provide an explanation to support your case."", ""There may be a deadline for challenging the fine."", ""It is important to act quickly when challenging the fine."", ""You should always ensure you understand the procedure outlined on the fine itself.""]",11
I am 17 years old and want to ride a motorcycle. Do I need to take CBT before I can ride on the road?,"[""You need to take CBT before you can ride a motorcycle on the road."", ""CBT is a course that ensures you can ride safely."", ""CBT is required for anyone wanting to ride a motorcycle on public roads."", ""CBT is required for anyone wanting to ride a moped on public roads."", ""After completing CBT, you can ride a motorcycle with an engine size of up to 125cc."", ""After completing CBT, you can ride a motorcycle with a power output of up to 11kW.""]",6
What happens if I have personalised number plates? Are there any special rules for them?,"[""Personalised number plates are allowed."", ""Personalised number plates can be purchased through the official process."", ""Personalised number plates follow the same rules as standard number plates regarding correct display."", ""Personalised number plates follow the same rules as standard number plates regarding correct format."", ""Documents must be clearly visible."", ""Documents must not be altered."", ""Personalised plates are a popular choice."", ""Personalised plates can be ordered directly through the relevant government service.""]",8
I have a mobility scooter that goes up to 8mph on the road and 4mph on footpaths. Do I need to pay vehicle tax for it?,"[""You do not need to pay vehicle tax for your mobility scooter."", ""Your mobility scooter must meet certain criteria to be exempt from vehicle tax."", ""You should check with the DVLA if you're unsure.""]",3
How can I find out the school term and holiday dates for my child's school?,"[""You can contact the school directly to find out the school term and holiday dates for your child's school."", ""You can check the school's official website to find out the school term and holiday dates for your child's school."", ""Many schools publish their calendar online."", ""School calendars include details about term dates."", ""School calendars include details about half-term breaks."", ""School calendars include details about holidays.""]",6
I'm looking to become a teacher in England but I don't have a degree. What steps should I take to qualify for a teacher training course?,"[""You can qualify for a teacher training course in England without a degree."", ""A teacher degree apprenticeship is an option for qualifying for a teacher training course in England without a degree."", ""The program does not require a prior degree."", ""You must have a grade 4 (C) or above in English GCSE to be eligible for the program."", ""You must have a grade 4 (C) or above in maths GCSE to be eligible for the program."", ""If you're aiming to teach primary, you'll need a grade 4 (C) or above in GCSE science."", ""You must be a resident of England."", ""You must have been a resident of England for the last three years or more."", ""You must be at least 16 years old.""]",9
"If my child is not attending school regularly, what steps should I take to ensure they receive a proper education and avoid legal issues?","[""If your child is not attending school regularly, you should contact the school."", ""You should discuss the reasons for your child's absence with the school."", ""You should discuss possible solutions with the school."", ""It is important to address the issue promptly."", ""Addressing the issue promptly can help avoid further complications.""]",5
What types of schools can I find information about on the government website?,"[""The government website has information about primary schools in England."", ""The government website has information about secondary schools in England."", ""The government website has information about special needs schools in England."", ""The available information includes exam and test results for each school."", ""The available information includes Ofsted reports for each school."", ""The available information includes financial information for each school."", ""The details provided allow comparison of school performance."", ""The details provided enable informed decisions about education options."", ""Special needs schools are covered."", ""Special needs schools provide specific support."", ""Special needs schools have specific resources.""]",11
My child is 12 and interested in dance. What are the age requirements for applying to a dance school or CAT?,"[""Disabled students can apply to music and dance CATs up to the age of 25."", ""Your child must meet the age criteria before starting the application process.""]",2
My child is in Key Stage 1. How does the national curriculum work for this stage and what subjects are covered?,"[""Key Stage 1 (KS1) is part of the national curriculum."", ""Key Stage 1 (KS1) includes English as a subject."", ""Key Stage 1 (KS1) includes mathematics as a subject."", ""Key Stage 1 (KS1) includes science as a subject."", ""Key Stage 1 (KS1) includes design and technology as a subject."", ""It covers history."", ""It covers geography."", ""It covers art and design."", ""It covers music."", ""It covers physical education.""]",10
I'm 17 and looking to start an apprenticeship. What do I need to do to apply and what are the requirements?,"[""You can apply while still at school."", ""You must be 16 years old by the end of the summer holidays."", ""Apprenticeships involve working in a job while studying."", ""At least 20% of your time in an apprenticeship is dedicated to training."", ""You should look for an apprenticeship that matches your interests."", ""You should look for an apprenticeship that matches your skills."", ""Apprenticeship applications should be made through the official website."", ""Your employer will guide you through the process."", ""Your training provider will guide you through the process.""]",9
I'm trying to understand what subjects my child will be learning in primary school. How does the national curriculum work and what subjects are covered?,"[""The national curriculum is a set of subjects and standards."", ""The national curriculum is used by primary and secondary schools."", ""The purpose of the national curriculum is so children learn the same things."", ""The curriculum covers the subjects that are taught."", ""The curriculum sets standards for children to reach in each subject."", ""English is a core subject."", ""Maths is a core subject."", ""Science is a core subject."", ""Art is a subject area."", ""Music is a subject area."", ""Physical education is a subject area."", ""Teachers formally assess a child's performance at the end of each key stage."", ""The purpose of the assessment is to ensure the child meets the required standards.""]",13
I'm a parent in Scotland and my child is starting primary school. How do I know what subjects they will be learning and what standards they should meet by the end of each year?,"[""The national curriculum in Scotland sets out the subjects your child will learn in school."", ""The national curriculum in Scotland sets out the standards your child will learn in school."", ""The national curriculum in Scotland applies to primary school."", ""The national curriculum in Scotland applies to secondary school."", ""English is a core subject."", ""Maths is a core subject."", ""Science is a core subject."", ""Relationships education is included in the curriculum."", ""Sex education is included in the curriculum."", ""Health education is included in the curriculum."", ""Religious education is included in the curriculum."", ""Schools must assess your child's performance at the end of each key stage."", ""Assessing performance at the end of each key stage helps track a child's progress."", ""Schools provide reports on your child's progress during the summer term."", ""You can discuss the reports with the school.""]",15
How do I find out what courses and qualifications are available for students aged 14 to 19 in my area?,"[""The National Careers Service website provides information on courses and qualifications for students."", ""The National Careers Service website provides information on courses and qualifications for students aged 14 to 19."", ""The National Careers Service website allows you to find information specific to your area.""]",3
"What are the possible sanctions a school can impose on a student for misbehaving, and how do they handle detentions?","[""Detentions can be given without prior notice to parents."", ""Students who receive detentions can safely return home afterward."", ""The school should consider individual circumstances."", ""The school should consider these circumstances when deciding on detentions."", ""The sanctions aim to address misconduct."", ""The sanctions aim to encourage good behaviour."", ""You can discuss a concern about a sanction with the headteacher."", ""The school has a complaints procedure."", ""You can follow the school's complaints procedure if needed after discussing with the headteacher.""]",9
How do I apply for a school place for my child if I'm not satisfied with the current one?,"[""You can contact the local authority to apply for a school place."", ""You can contact the school directly to apply for a school place."", ""The application process may involve submitting forms."", ""The application process may involve attending interviews."", ""You can appeal if you're not satisfied with the decision.""]",5
"My child has special educational needs. How do I apply for school transport assistance, and what documentation is required?","[""The council will review the application."", ""The council will determine if transport is necessary."", ""All documents should be complete."", ""Completing all documents will expedite the process."", ""Applications should be submitted well in advance of the school term.""]",5
What if I'm doing work experience as a school student? Am I entitled to the National Minimum Wage?,"[""School students doing work experience are not entitled to the National Minimum Wage."", ""This applies to students of compulsory school age."", ""The students are doing work experience placements."", ""You may still be entitled to the National Minimum Wage if you're doing regular paid work."", ""If you're doing regular paid work, you are classified as a worker.""]",5
I'm an intern at a company and I'm worried about my pay. Do I have the right to the National Minimum Wage?,"[""If you're classified as a worker, you're entitled to the National Minimum Wage."", ""You are doing regular paid work."", ""You are doing the work for an employer."", ""You may not be entitled to the National Minimum Wage if you're a student doing an internship."", ""The internship must be for less than a year to potentially exempt you from the National Minimum Wage."", ""The internship must be part of a UK-based education course to potentially exempt you from the National Minimum Wage."", ""It's important to check your employment status."", ""Knowing your employment status allows you to know your rights.""]",8
I'm running a small business and want to know how much Statutory Sick Pay I need to provide to my employees if they're sick for a few weeks.,"[""The weekly rate of Statutory Sick Pay (SSP) is \u00a3118.75."", ""Statutory Sick Pay (SSP) is paid for up to 28 weeks."", ""You can offer more than the standard amount if you have a company sick pay scheme."", ""You cannot offer less than the standard amount."", ""Company schemes are also referred to as 'contractual' sick pay."", ""Company schemes are also referred to as 'occupational' sick pay."", ""Company schemes must be included in an employment contract."", ""You must pay Statutory Sick Pay (SSP) if you don't have a company scheme.""]",8
I'm a teacher and I've been working for my school for several years. How does taking annual leave affect my continuous employment status?,"[""This is important because it affects your rights."", ""Your rights that are affected include maternity pay."", ""Your rights that are affected include redundancy pay."", ""You should check your employment contract."", ""Your employment contract contains specific details about how annual leave is handled.""]",5
I'm a parent in Wales and my baby is in neonatal care. How do I apply for Neonatal Care Leave and Statutory Neonatal Care Pay?,"[""You are entitled to take leave for your baby's care."", ""The maximum amount of leave you can take is 12 weeks."", ""The leave is calculated based on the number of full and continuous days your baby is in care."", ""For every 7 full and continuous days your baby is in care, you can take a corresponding amount of leave."", ""You will receive pay for this leave."", ""This pay is in addition to other parental pay entitlements."", ""You must take Neonatal Care Leave after your maternity or adoption leave period ends if you are eligible.""]",7
Can I still get the National Minimum Wage if I'm doing a work placement as part of my studies?,"[""You may not be entitled to the National Minimum Wage if you're a student doing a work placement."", ""The work placement must be part of a UK-based further or higher education course for the exemption to apply."", ""It's important to check your employment status."", ""It's important to check the terms of your placement.""]",4
"I'm running a small business and need to understand the different employment statuses like worker, employee, and self-employed. How do these statuses affect my responsibilities as an employer?","[""Employees have the most rights and protections."", ""Employees are entitled to a minimum wage."", ""Employees are entitled to sick pay."", ""Employees are entitled to holiday entitlements."", ""As an employer, you must ensure correct classification."", ""As an employer, you must meet the corresponding obligations."", ""Courts can determine employment status if needed.""]",7
How can I ensure that my employees understand and follow the anti-bribery policy?,"[""Regularly reviewing the policy will help maintain awareness."", ""The policy should be updated as needed.""]",2
I've been experiencing some unfair treatment at work and I'm not sure how to handle it. What steps should I take to address this issue?,"[""You should try to resolve unfair treatment at work informally."", ""The first step in resolving unfair treatment at work informally is to discuss the issue with your manager."", ""The first step in resolving unfair treatment at work informally is also to discuss the issue with your HR department."", ""You may need to consider taking legal action if the problem continues."", ""The legal action can be taken at an employment tribunal.""]",5
"As a retired individual in Wales, I want to hire someone to help me with gardening tasks. What are the legal requirements I need to be aware of when employing them?","[""Employers must pay their employees at least the National Minimum Wage."", ""You should check if the person has the legal right to work in the UK."", ""You should conduct any necessary employment checks."", ""You should obtain employers' liability insurance."", ""You should obtain employers' liability insurance as soon as you become an employer.""]",5
"If I give an employee a company car, do I need to inform HMRC and what forms should I use?","[""You must send a P46 (Car) form to HMRC."", ""This form can be filled in online."", ""The form can be sent as a printed copy."", ""The form can be sent through HMRC's PAYE Online service for employers."", ""The form can be sent through your payroll software."", ""You need to report on your end-of-year forms."", ""You need to pay Class 1A National Insurance."", ""The Class 1A National Insurance is paid on the value of the car benefit.""]",8
I want to check if I'm being paid the correct National Minimum Wage. How do I use the calculator provided on the website?,"[""There is a National Minimum Wage and Living Wage calculator on the government website."", ""You can use the National Minimum Wage and Living Wage calculator to check if you're being paid the correct National Minimum Wage."", ""You need to enter your age."", ""You need to enter the number of hours you work per week."", ""You need to enter your salary."", ""If you're under 21, the National Minimum Wage applies."", ""If you're 21 or over, you should receive the National Living Wage.""]",7
Can I use a Share Incentive Plan to set up employee ownership?,"[""A Share Incentive Plan (SIP) is a way to set up employee ownership."", ""A Share Incentive Plan (SIP) is suitable for companies limited by shares."", ""It is important to review the guidance for employee ownership."", ""It is important to review the model documentation for employee ownership."", ""Reviewing the guidance and model documentation helps ensure compliance with the requirements for employee ownership.""]",5
What do I need to do before I can start a National Driver Offender Retraining Scheme course?,"[""You should have your driving licence number to log in."", ""You can check course availability after logging in."", ""The course provider sets the final price."", ""You should contact the course provider to book the course."", ""You should contact the course provider to pay for the course.""]",5
I need to get an MOT for a lorry. How do I check when my test is due and get reminders?,"[""You can set up reminders via email."", ""You can set up reminders via text message."", ""This ensures you don't miss the deadline."", ""You should check your vehicle's registration number."", ""You should check the type of vehicle you're testing.""]",5
I found a car parked on the side of the road that looks abandoned. How do I report it to the right authority?,"[""They handle reports."", ""They can arrange for a vehicle to be removed."", ""The council is able to respond quickly."", ""The council is able to respond efficiently.""]",4
I'm looking to build a van for my small business. Where can I find reliable information about fuel consumption and emissions for vans?,"[""The government does not currently provide a checker for this information."", ""It is best to check directly with the manufacturer for this information."", ""You can contact the Vehicle Certification Agency (VCA) for further assistance.""]",3
I have moved to a new address and I need to update my vehicle's log book. How do I go about doing this?,"[""The log book contains the registered keeper's details."", ""The registered keeper's details in the log book affect tax responsibilities."", ""The registered keeper's details in the log book affect insurance responsibilities."", ""You can update your log book by contacting the DVLA directly."", ""You can update your log book through a Post Office."", ""It is important to ensure the address is correct."", ""Incorrect addresses can cause delays in processing future vehicle-related matters.""]",7
"I want to start learning to drive, but I'm not sure if I'm old enough. What's the minimum age to begin learning to drive in Wales?","[""The minimum age to start learning to drive in Wales is 17."", ""This applies to most people."", ""There may be exceptions for those with certain disabilities."", ""You can check the exact requirements on the official government website."", ""You can apply for a provisional driving licence when you turn 17."", ""It is important to meet all the legal requirements before starting lessons.""]",6
I saw a car without an MOT on the road in Scotland. What should I do to report it?,"[""You'll need the vehicle's number plate to proceed."", ""You'll need to know the vehicle's make and model."", ""You'll need to know the vehicle's colour."", ""You'll need to know the vehicle's location."", ""Abandoned vehicles should be reported to the local council."", ""Abandoned vehicles should not be reported to the police.""]",6
I need to renew my driving licence. How do I find the correct contact details for DVLA and what steps should I follow?,"[""You can renew your driving licence through the DVLA's official website."", ""You can renew your driving licence by calling the DVLA."", ""If you're applying online, you might need to complete a form."", ""If you're applying online, you might need to upload necessary documents.""]",4
I received a parking penalty charge notice (PCN) in Wales. How do I pay it and what are the steps to challenge it if needed?,"[""To pay a parking penalty charge notice (PCN) in Wales, you should use the local council's postcode."", ""Using the local council's postcode will help you find the correct payment method."", ""The PCN contains details on how to pay."", ""Online payment is a possible option for paying a PCN."", ""Postal payment is a possible option for paying a PCN."", ""It's important to act quickly when dealing with a potential penalty or legal issue."", ""Acting quickly can help avoid additional penalties."", ""Acting quickly can help avoid legal action.""]",8
I got a penalty charge notice and want to know if I can pay it online and what happens if I don't pay within the deadline.,"[""You usually have 28 days to pay a fine."", ""If you don't pay a fine within 28 days, you'll receive a 'charge certificate'."", ""A 'charge certificate' gives you a 14-day window to pay."", ""The amount due after receiving a 'charge certificate' is the original fine plus 50% more."", ""Failure to pay could lead to a court order."", ""Failure to pay could lead to additional costs.""]",6
How can I report an untaxed vehicle?,"[""There is a 'Report an untaxed vehicle' service on the gov.uk website."", ""You can use this service to report an untaxed vehicle if you spot one."", ""Reporting untaxed vehicles helps ensure road safety."", ""Reporting untaxed vehicles helps ensure compliance with UK law.""]",4
I received a fine from the DVSA for a vehicle defect. How do I pay it online and avoid further penalties?,"[""You can use a credit card to make the payment."", ""You can use a debit card to make the payment."", ""There is a deadline to pay provided in the email."", ""Paying after the deadline will result in consequences.""]",4
Is it possible to check my own driving record using this service?,"[""This service is designed to check someone else's driving licence information."", ""Your personal information is handled appropriately."", ""Your personal information is handled securely.""]",3
I'm planning a family trip to the countryside and want to know the rules I need to follow to ensure we're respecting the environment and other visitors. What should I look out for?,"[""There is a Countryside Code."", ""The Countryside Code outlines rules for visiting the countryside."", ""You must follow the rules outlined in the Countryside Code when visiting the countryside."", ""There is a Marine and Coastal Wildlife Code."", ""The Marine and Coastal Wildlife Code should be followed when visiting the coast."", ""The purpose of following the Marine and Coastal Wildlife Code is to minimize disturbance to wildlife.""]",6
"Is insurance mandatory for owning a boat, and what does it typically cover?","[""Insurance is typically required before you can register your boat."", ""Insurance is typically required before you can use your boat."", ""It usually covers damage to your boat."", ""It usually covers liability for accidents."", ""It usually covers other related expenses.""]",5
How can I recycle items like old computers and mobile phones in Scotland? Are there specific places or methods I should use?,"[""In Scotland, you can recycle old computers through your local council's recycling services."", ""In Scotland, you can recycle old mobile phones through your local council's recycling services."", ""Many councils offer dedicated collection points for electronic waste."", ""You can find electronic waste collection points by checking your council's website."", ""You can find electronic waste collection points by contacting your council's environmental department."", ""Certain items must be disposed of correctly."", ""Incorrect disposal of these items can cause environmental harm."", ""Local recycling events accept electronic waste."", ""Community initiatives accept electronic waste.""]",9
"How can I find out if climate change is increasing the risk of flooding in my area, and what are the possible causes of flooding?","[""The government has a flood risk service."", ""The flood risk service can be used to understand how climate change affects flood risk."", ""The flood risk service provides information specific to your area."", ""The resource does not give specific details about individual properties."", ""The resource offers general insights into the factors contributing to flooding."", ""You can contact Floodline for additional support."", ""Floodline can provide more detailed information.""]",7
I want to know how to dispose of garden waste in Scotland. Are there specific collection services for this?,"[""In Scotland, garden waste can be disposed of through local council services."", ""Local councils in Scotland provide waste management services."", ""Regular collections for grass cuttings are often included in these services."", ""Regular collections for hedge trimmings are often included in these services.""]",4
Where can I find physical copies of the Countryside Code and how can I obtain them?,"[""The document mentions details on how to obtain hard copies of the leaflet."", ""The document mentions details on how to obtain hard copies of the bookmark."", ""There is related content on the website."", ""The related content on the website provides additional resources.""]",4
How can I learn more about the special features of a National Nature Reserve in England?,"[""You can visit the MAGIC website to learn more about the special features of a National Nature Reserve in England."", ""You can check the county lists to learn more about the special features of a National Nature Reserve in England."", ""The MAGIC website provides detailed information about each National Nature Reserve."", ""The county lists provide detailed information about each National Nature Reserve.""]",4
I run a small shop in Scotland and sell batteries. How do I know if I need to offer free collection of used batteries and where can I find a compliance scheme to handle them?,"[""A battery compliance scheme will collect your batteries for free."", ""You can find a battery compliance scheme by searching online."", ""If you transport batteries yourself, you must get a waste carrier certificate."", ""You must follow the law on moving hazardous waste when transporting batteries.""]",4
I manage a physical store that sells electrical items. What steps should I take to ensure compliance with the WEEE regulations and how can I inform my customers?,"[""You can include the information in leaflets."", ""The leaflets can be included with the products you sell."", ""Informing customers is a key aspect of this process."", ""This process helps meet legal obligations.""]",4
What should I do if I see fly-tipping on my street?,"[""There are specific procedures for dealing with illegal waste dumping."", ""The Royal Mail has a postcode finder."", ""The Royal Mail's postcode finder can be used to find your local council."", ""You can report fly-tipping to your local council."", ""You should provide the location of the incident."", ""You should provide the details of the incident."", ""The service is available in England."", ""The service is available in Wales."", ""The service is not available outside of England and Wales.""]",9
"If I'm planning to build a new home near a protected area in Wales, what specific actions do I need to take to comply with the regulations?","[""You should check with your local council if you're planning to build a new home near a protected area in Wales."", ""Your local council can provide information on restrictions that apply to building near protected areas in Wales."", ""The steps are intended to help protect the environment."", ""The protected area has an environment that could be negatively impacted."", ""The steps are meant to prevent negative impacts on the protected area's environment.""]",5
I work in a retail store in Scotland and I need to know what happens if my business is located in a smoke control area. What are the rules and what are the consequences if I don't follow them?,"[""Your business can only use authorised fuels if it is in a smoke control area."", ""Your business can only use exempted furnaces and boilers if it is in a smoke control area."", ""You should check with your local council to confirm if your business is in a smoke control area."", ""Your local council can provide information on the specific requirements for smoke control areas.""]",4
I'm bringing a pet from Ukraine to the UK. What do I need to do to ensure it can enter the country without issues?,"[""There are official guidelines for bringing pets from Ukraine to the UK."", ""You should check the official guidelines to understand the exact requirements for bringing pets from Ukraine to the UK."", ""It is important to prepare documents in advance."", ""Preparing documents in advance helps avoid delays."", ""Preparing documents in advance helps avoid complications during arrival.""]",5
I applied for a visa using the UK Immigration: ID Check smartphone app. How do I cancel my application and get my documents back?,"[""You can cancel your application online if you applied using the UK Immigration: ID Check smartphone app.""]",1
I'm moving to the UK from Ukraine with my car and some personal belongings. Do I need to pay any taxes or register my car immediately upon arrival?,"[""There is an exemption that applies under the Ukraine Sponsorship visa scheme.""]",1
How do I find a registered immigration adviser in Scotland to help me with my immigration appeal?,[],0
My visa sponsor in Wales was taken over by another organisation. Will my visa still be valid?,"[""If the new organisation does not have a sponsor licence, it must apply for one within a certain timeframe."", ""If the new organisation does not apply for a sponsor licence within the timeframe, your visa will be limited to 60 days."", ""If your current visa has less than 60 days remaining, your visa will be limited to the remaining time on your current visa.""]",3
What should I do if I believe customs treated me unfairly during a seizure and I want to complain about how I was handled?,"[""You should check the notice or letter you received from customs."", ""The notice or letter from customs indicates which authority is responsible."", ""You can contact HMRC directly."", ""HMRC can provide answers to questions."", ""HMRC can provide further assistance."", ""It's important to act promptly when making a complaint."", ""You should provide relevant details about the incident to support your complaint."", ""The process ensures that concerns are addressed."", ""The process helps maintain fair treatment by customs officials.""]",9
I'm planning to bring my old car from France to the UK. What steps do I need to take to ensure I can drive it on UK roads once it arrives?,"[""You'll need to pay VAT at the UK border."", ""You'll need to pay customs duty at the UK border."", ""Your shipping company or customs agent will usually handle the payment of VAT and customs duty for you."", ""You should inform HM Revenue and Customs (HMRC) that your vehicle has arrived."", ""This notification should be made within 14 days of the vehicle's arrival."", ""You must register your vehicle with the Driver and Vehicle Licensing Agency (DVLA)."", ""You must tax your vehicle with the Driver and Vehicle Licensing Agency (DVLA)."", ""Registering and taxing your vehicle with the DVLA will result in you getting a registration number."", ""Registering and taxing your vehicle with the DVLA will result in you getting number plates."", ""You need to insure your vehicle before driving it on UK roads.""]",10
I'm planning to visit my family in Wales for a few months. How do I apply for a visa or an electronic travel authorisation?,"[""You can apply for an electronic travel authorisation (ETA) online if you're eligible."", ""The cost of an electronic travel authorisation (ETA) is \u00a36 is incorrect and it is actually \u00a316."", ""To correct the previous statement:"", ""The cost of an electronic travel authorisation (ETA) is \u00a316."", ""Both options allow you to stay in the UK for a maximum period of six months.""]",5
"If I don't have a share code, how can I check a job applicant's right to work in the UK?","[""You can use an online identity service provider (IDSP) to check documents."", ""It is important to ensure documents are genuine."", ""It is important to ensure documents are valid."", ""Employing someone without the right to work should be avoided.""]",4
"If I'm bringing more than €10,000 in cash to the UK, what steps do I need to take to declare it at the airport?","[""The information applies to individuals coming from outside the EU."", ""Failure to declare could result in penalties."", ""Failure to declare could result in confiscation of the cash.""]",3
I'm planning to move to the UK from Ukraine and need to know the exact steps to apply for a visa. What should I do first?,"[""You should check if you need a UK visa to come to the UK from Ukraine."", ""The UK government provides an official tool to check if you need a UK visa."", ""Determining your situation will help identify the correct type of visa."", ""You need to know which visa you need before proceeding with the application process."", ""The UK Visas and Immigration website is used for the visa application process."", ""You will need to pay the visa fee."", ""You will need to schedule an appointment for biometric collection."", ""You should follow the instructions carefully."", ""Following the instructions carefully can help avoid delays.""]",9
I'm planning to travel abroad and then return to the UK. How do I ensure my eVisa is correctly linked to my current passport and what steps should I take before my trip?,"[""You can report an error with your eVisa if there is an issue."", ""Your current passport must be linked to your UKVI account before traveling."", ""You need to obtain a share code from your UKVI account."", ""A share code is valid for 90 days."", ""Carriers may ask to see the code."", ""It's important to have the code ready."", ""Your personal details in the UKVI account should be correct."", ""Your personal details in the UKVI account should match the travel document you will use.""]",8
"What are the key differences between Attendance Allowance and Pension Age Disability Payment, especially for someone living in Wales?","[""Attendance Allowance is for individuals with a disability."", ""Attendance Allowance is for individuals with a health condition."", ""Attendance Allowance is for individuals who need personal care."", ""Attendance Allowance is only available to individuals aged 65 or older."", ""Pension Age Disability Payment is a newer scheme."", ""Pension Age Disability Payment replaces Attendance Allowance."", ""The replacement of Attendance Allowance by Pension Age Disability Payment applies to those reaching State Pension age."", ""People living in Wales who receive Pension Age Disability Payment will automatically transition to a new benefit."", ""The new benefit that people will transition to is Attendance Allowance."", ""The transition to Attendance Allowance will start in spring 2025."", ""If you move from Scotland to Wales, you must apply for Attendance Allowance."", ""If you move from Scotland to Wales, you must report your move to Social Security Scotland."", ""Both schemes provide financial support."", ""The application process differs between the two schemes."", ""The eligibility criteria differ between the two schemes."", ""Location affects the application process and eligibility criteria."", ""Circumstances affect the application process and eligibility criteria.""]",17
"If I'm over State Pension age and living with my partner who hasn't reached State Pension age, can I still apply for Housing Benefit?","[""You can apply for Housing Benefit if you're over State Pension age."", ""You can apply for Housing Benefit if you're living with your partner and one of you is over State Pension age."", ""To be eligible for Housing Benefit, either you or your partner must have started claiming Pension Credit before 15 May 2019."", ""The Pension Credit claim must have been made for you as a couple to be eligible for Housing Benefit."", ""If a certain condition is not met, you may need to consider an alternative."", ""The alternative to consider is applying for Universal Credit."", ""It is important to check your eligibility."", ""You should ensure that you meet the criteria outlined in the guidance.""]",8
"My partner and I are both working in the UK, and our child lives with us. We are not from the EU. How do we claim Child Benefit and what are the requirements?","[""To claim Child Benefit, you must live in the UK."", ""To claim Child Benefit, you must have the UK as your main home."", ""To claim Child Benefit, you must have the right to reside in the UK."", ""If you are not from the EU, you need to meet specific criteria to be eligible."", ""Having a job is one of the criteria you can meet."", ""Receiving New Style Jobseeker's Allowance is one of the benefits that can make you eligible."", ""Receiving State Pension is one of the benefits that can make you eligible."", ""You'll need to provide proof of your residency."", ""You'll need to provide your child's details."", ""You should contact the Child Benefit team to apply for Child Benefit."", ""You must meet the eligibility requirements to be able to apply for Child Benefit.""]",11
What information do I need to provide to use the benefits calculator accurately?,"[""It's important to include all relevant financial details."", ""Including all relevant financial details will help you get an accurate result."", ""You can seek assistance from a local benefits adviser if you're unsure about benefits information.""]",3
I'm over State Pension age and living with my partner who hasn't reached it yet. Can I still apply for Housing Benefit?,"[""You can apply for Housing Benefit if you're over State Pension age."", ""Your partner can be under State Pension age and you can still apply for Housing Benefit."", ""You must have had an existing Housing Benefit claim as a couple before 15 May 2019 to be eligible."", ""Supported housing is a type of accommodation that is included."", ""Sheltered housing is a type of accommodation that is included."", ""Temporary housing is a type of accommodation that is included.""]",6
I'm applying for Universal Credit and want to know if my existing tax credits will stop automatically. What happens next and how long will it take to get my first Universal Credit payment?,"[""Applying for Universal Credit will stop your tax credits."", ""Your tax credits will stop even if your Universal Credit claim is not approved."", ""You will receive a letter from HMRC called your 'award review'."", ""The 'award review' letter will inform you when your tax credits claim ended."", ""After your tax credits stop, you cannot claim them again."", ""If your application for Universal Credit is approved, it will take around 5 weeks to get your first payment."", ""Your application for Universal Credit must be approved to receive payment."", ""It takes around 5 weeks to receive your first Universal Credit payment after approval."", ""It's important to keep track of your tax credits claim ending date."", ""You should monitor your Universal Credit payment schedule.""]",10
"If I'm self-employed and can't claim Statutory Maternity Pay, can I still get Maternity Allowance and how does it affect my other benefits?","[""You can get Maternity Allowance if you're self-employed."", ""Self-employed individuals cannot claim Statutory Maternity Pay."", ""Maternity Allowance is an alternative to Statutory Maternity Pay."", ""Receiving Maternity Allowance can affect your other benefits."", ""It's important to check how a change might impact your existing benefits."", ""You should consider applying for additional support if needed.""]",6
"If I stop receiving Child Benefit payments, can I still get the National Insurance credits for my child?","[""These credits are only provided if you claim Child Benefit."", ""These credits are only provided if your child is under 12."", ""You should report any changes in your circumstances to the Child Benefit Office."", ""Reporting changes to the Child Benefit Office helps you understand your options.""]",4
Can I still receive my State Pension if I'm living abroad?,"[""You can still receive your State Pension if you're living abroad."", ""You should check with the relevant authorities in your host country."", ""The purpose of checking with the authorities is to ensure you receive your pension without any issues.""]",3
I'm a subcontractor in England and I'm considering working for a contractor. Do I need to register for the Construction Industry Scheme (CIS) and what happens if I don't?,"[""Subcontractors do not have to register for the CIS."", ""Registering as a subcontractor might allow you to have lower deduction rates."", ""Registering as a subcontractor might give you better control over your payments."", ""You should check with the contractor about their CIS status."", ""You should ensure you understand the implications of being unregistered.""]",5
"I want to claim a National Insurance refund, but I'm not sure which class I fall into. How do I determine which class my refund is for?","[""You can check your payslips to determine which National Insurance class you fall into."", ""You can contact HMRC directly to determine which National Insurance class you fall into."", ""Your National Insurance class indicates the type of contributions you've made."", ""Your eligibility for a refund is affected by the type of contributions you've made."", ""You can visit the HMRC website for assistance."", ""You can call the HMRC helpline for assistance."", ""They can guide you through the process."", ""They can help you identify the correct class for your refund claim."", ""You need to have your National Insurance number ready when contacting them.""]",9
How do I access HMRC services once I have an online account?,"[""You can create an HMRC online account."", ""Having an HMRC online account allows you to access the HMRC website."", ""The HMRC website offers a wide range of services."", ""You should use a secure internet connection."", ""You should keep your account details safe.""]",5
I'm a landlord and need to know what I should do to prepare for Making Tax Digital for Income Tax. What are the key steps I need to follow?,"[""You should keep digital records throughout the year."", ""You should send quarterly updates to HMRC."", ""You should register for webinars."", ""You should register for training sessions."", ""Registering for webinars or training sessions helps you stay informed.""]",5
What are the options for paying my VAT bill and how do I get VAT repayments into my bank account?,"[""HMRC will send you a cheque in certain circumstances."", ""You should check your VAT online account regularly."", ""You should ensure your payment details are up to date in your VAT online account."", ""You can monitor any repayments you're due through your VAT online account.""]",4
"After valuing the estate, how do I report its value to the tax authorities and what are the deadlines for paying Inheritance Tax?","[""Inheritance tax is reported using form IHT400."", ""You cannot apply for probate until the reporting process is completed."", ""Making the payment on time ensures you avoid additional charges.""]",3
I received a Simple Assessment letter from HMRC and need to pay my tax bill. How do I know when I need to pay and what options do I have for making the payment?,"[""There is a deadline of 31 October 2025 for determining the payment due date of a letter."", ""If a letter was sent before 31 October 2025, the payment is due by 31 January 2026."", ""You can pay online."", ""You can pay by bank transfer."", ""You can pay by cheque.""]",5
"If someone I owe money to applies for my bankruptcy, what will happen and how can I prepare for the process?","[""Someone you owe money to can apply for your bankruptcy."", ""A creditor can petition the court to declare you bankrupt."", ""Your assets, including your home, may be sold to pay off your debts."", ""Your income might be used to make payments towards your debts."", ""Income needed for living expenses will be exempt from being used to pay debts."", ""The process differs depending on the country you live in within the UK."", ""The process is different in Scotland."", ""The process is different in Northern Ireland."", ""You should seek professional advice."", ""Seeking professional advice will help you understand the implications of the sale of your assets."", ""Seeking professional advice will help you prepare for the potential sale of your assets."", ""You should consider discussing your situation with a licensed insolvency practitioner."", ""A licensed insolvency practitioner can help you explore alternatives.""]",13
I'm interested in starting a postgraduate course. Where can I find information about these courses and how do I apply for them?,"[""You typically need to apply directly to the university or college offering the course."", ""Some courses may require additional documentation."", ""A CV may be required for some courses."", ""A personal statement may be required for some courses."", ""References may be required for some courses."", ""Each course has its own specific application deadlines."", ""Each course has its own specific application requirements."", ""You should check the application deadlines for each course you're interested in."", ""You should check the application requirements for each course you're interested in.""]",9
Can my child get free school transport if they have a mobility problem?,"[""Children with mobility problems may qualify for free school transport."", ""Eligibility for free school transport for children with mobility problems is not dependent on the distance to the school."", ""You should contact your local council to check eligibility for transport."", ""You should apply for the transport through your local council."", ""Your child should attend their nearest suitable school."", ""There should be no safe walking route to the school."", ""Having special educational needs can qualify a child for free transport."", ""Having disabilities can qualify a child for free transport.""]",8
My child is 10 years old and attends a school 2 miles away. Do we qualify for free school transport?,"[""Your child must be 8 or over to qualify for free school transport."", ""The school must be more than 2 miles away to qualify for free school transport."", ""Children who meet these conditions may qualify for free school transport."", ""Your child should attend their nearest suitable school."", ""There should be no safe walking route to the school."", ""Having special educational needs can qualify a child for free transport."", ""Having disabilities can qualify a child for free transport.""]",7
"How can I make a one-off repayment towards my student loan, and can I do this without signing in?","[""You can make a one-off repayment towards your student loan."", ""You can make a one-off repayment by signing in to your student loan repayment account."", ""You can make a one-off repayment without signing in to your student loan repayment account."", ""You can make a repayment towards someone else's loan."", ""To make a repayment towards someone else's loan, you will need to sign in to your account."", ""Making a repayment without signing in does not allow you to track your payments."", ""Making a repayment without signing in does not allow you to view your repayment plan."", ""You should have your necessary details ready when making a repayment."", ""Having your necessary details ready can help avoid issues when making a repayment.""]",9
"I'm looking to apply for a secondary school place for my child, but I'm not very tech-savvy. How can I apply without using online forms?","[""They can guide you on what documents you'll need."", ""Your child's birth certificate is a required document."", ""Your current address is a required document.""]",3
"As a teacher in Scotland, I need to guide a student who started their course before August 2016 on how to apply for student finance. What are the key steps they need to take and what forms are required?","[""The student should check their eligibility."", ""The student can check their eligibility on the official student finance website."", ""The student must select their region on the website."", ""The student's region is Scotland."", ""Students should calculate the maximum loan amount they could receive."", ""The maximum loan amount is based on the course type."", ""The maximum loan amount is based on household income."", ""A student finance calculator can be used to determine the maximum loan amount."", ""They have the option to apply online."", ""To apply online, they need to create a student finance account."", ""Applicants who apply by post must complete a form."", ""The completed form must be sent by mail."", ""It can take up to six weeks to process an application."", ""Additional evidence might be required during the application process.""]",14
"As a teacher, I need to know how to support a student who cannot afford school uniforms. What options are available?","[""A student may be unable to afford school uniforms."", ""A student may be unable to afford a PE kit."", ""You should contact the headteacher to check what support is available for students who cannot afford school uniforms or PE kits."", ""Schools must ensure that the cost of uniforms is affordable."", ""The cost of uniforms must not be a barrier to attendance."", ""Schools should publish information on buying second-hand uniforms."", ""This information should be published on the school's website."", ""If you live in England, you can contact your local council for support.""]",8
I found some illegal posters on my street. How do I report this to the right authority?,"[""You should contact your local council to report illegal posters."", ""You should contact the police to report illegal posters."", ""You can find your local council's contact details on their official website."", ""You can find your local council's contact details by calling them directly."", ""It's best to provide as much detail as possible when reporting."", ""The location of the posters should be provided."", ""A description of the posters should be provided."", ""Providing details helps them take appropriate action.""]",8
Can I appeal a lawful development certificate decision if I already received an enforcement notice?,"[""You cannot appeal a lawful development certificate decision if you've already been given an enforcement notice."", ""The local planning authority has taken formal action against your development."", ""You may have to pay additional costs if you proceed with an appeal."", ""It is important to consult with a legal professional to understand your options and potential consequences."", ""You can also consult with the Planning Inspectorate to understand your options and potential consequences.""]",5
I'm 65 and live in Scotland. I'm on a low income and have high energy costs. How do I apply for the Warm Home Discount Scheme and what happens if I don't get it for winter 2024 to 2025?,[],0
What should I do if my tenant asks for an inspection of the property?,"[""If a tenant requests an inspection, you should allow the council to inspect your property."", ""The purpose of the council's inspection is to identify health and safety hazards."", ""Keeping records of inspections is important."", ""Keeping records of resulting actions is important.""]",4
Can I recycle mobile phones and computers in Scotland? How do I do it?,[],0
What happens if my dog attacks another person or animal?,"[""Fines are a possible penalty."", ""Imprisonment is a possible penalty."", ""It is possible to receive both a fine and imprisonment as penalties."", ""The severity of the penalty depends on the injury caused."", ""If your dog kills someone, you could face up to 14 years in prison."", ""If your dog kills someone, you could face an unlimited fine.""]",6
"If I'm a tenant and want to get insulation through the Great British Insulation Scheme, what steps should I take and what do I need to ensure?","[""Your home should meet the eligibility criteria to be considered."", ""An eligible home should have an energy performance certificate (EPC) of D to G."", ""In England, an eligible home should be in Council Tax bands A-D."", ""In Wales, an eligible home should be in Council Tax bands A-E."", ""You will need to provide your total household income."", ""You will need to provide the type of benefits anyone living in the property receives."", ""You will need to provide your contact details.""]",7
I'm running a limited company and I think I've overpaid Corporation Tax. How do I get a refund and what happens if I don't include my bank details on my Company Tax Return?,"[""You can claim a refund if you believe you've overpaid Corporation Tax."", ""You should include your bank details on your Company Tax Return."", ""Including your bank details on your Company Tax Return allows the refund to be sent to your bank account automatically."", ""If you don't provide your bank details, HMRC will use the refund to pay other taxes your company owes."", ""HMRC can use the refund to pay PAYE that your company owes."", ""HMRC can use the refund to pay VAT that your company owes."", ""HMRC can use the refund to settle your next Corporation Tax bill."", ""You will receive a repayment confirmation in your company tax system."", ""The remaining amount will be refunded."", ""The refund can be made to your original payment card."", ""The refund can also be made as a payable order to your company's registered address.""]",11
How do I find out if I need a licence to import live animals or animal products to Great Britain?,"[""This guidance outlines the conditions under which you might need a licence."", ""Your import may fall under certain conditions."", ""If your import falls under these conditions, you should apply for a licence."", ""Some imports require specific licences."", ""Non-native animals are an example of imports that require specific licences.""]",5
"As a subcontractor in the construction industry, do I have to register for the Construction Industry Scheme (CIS)?","[""Subcontractors do not have to register for the Construction Industry Scheme (CIS)."", ""If you are not registered, deductions will be taken from your payments."", ""The deductions taken from unregistered individuals' payments are at a higher rate."", ""Contractors are required to register."", ""Contractors must deduct money from your payments."", ""The deducted money is passed to HM Revenue and Customs (HMRC)."", ""The deducted money is an advance payment towards your tax."", ""The deducted money is an advance payment towards your National Insurance."", ""You should check with your contractor to ensure you are correctly verified."", ""Not registering has implications that you should understand.""]",10
I'm running a home-based nursing business and need to know if I need special permission or insurance. What should I check first?,"[""Insurance is important for business activities."", ""Home insurance might not cover business activities."", ""You can find an authorised insurer on the British Insurance Brokers' Association (BIBA) website."", ""You should consider various factors before starting your business.""]",4
"I'm a teacher in Wales and I sell homemade crafts at a local market. Do I need to use metric units when measuring my products for sale, and what about displaying imperial units?","[""In Wales, you must use metric units when selling packaged goods."", ""In Wales, you must use metric units when selling loose goods."", ""The permitted metric units in Wales include grams and kilograms for weight."", ""The permitted metric units in Wales include millilitres and litres for volume."", ""Imperial units can be displayed alongside metric units."", ""Metric units must be the primary measure when displaying units."", ""This applies to all goods sold in Wales."", ""Homemade crafts are included in the goods to which this applies."", ""You can label a bag of flour with both metric and imperial weights."", ""The metric weight ('500g') should be more prominent than the imperial weight ('1lb') on the label.""]",10
How do I find an energy certificate for my business premises in England?,"[""The Ministry of Housing, Communities and Local Government (MHCLG) provides an official service to find energy certificates."", ""The service provided by MHCLG can be used to find an energy certificate for business premises in England."", ""Your property needs an energy certificate."", ""An energy certificate can expire."", ""You can apply for a new energy certificate through a service if your property's certificate has expired or is missing."", ""You should contact the MHCLG if you need further assistance."", ""You should contact the MHCLG if you have questions about the process.""]",7
How do I check if a vehicle has an MOT?,"[""A vehicle can be reported to the police if it is being used on the road without an MOT.""]",1
Can I teach people to drive motorcycles without being an approved training body (ATB) with the DVSA?,"[""You cannot teach people to drive motorcycles without being approved by the DVSA."", ""To teach people to drive motorcycles, you must be an approved training body (ATB) with the DVSA."", ""To provide compulsory basic training (CBT) for learner motorcyclists, you must be an Approved Training Body (ATB)."", ""To provide direct access scheme (DAS) training for those learning to ride large motorcycles, you must be an Approved Training Body (ATB)."", ""Instructors must be certified by the DVSA."", ""Training sites must be approved."", ""The process varies in Northern Ireland."", ""You should check the specific requirements in Northern Ireland."", ""You can find more information on becoming a CBT motorcycle instructor through the DVSA website."", ""You can find more information on becoming a DAS instructor through the DVSA website.""]",10
I'm planning to drive a lorry to the EU and need to know if I need a visa. What are the entry requirements for EU countries?,"[""UK drivers do not need a visa to operate in the EU."", ""There is a 90-day time limit for UK drivers in the EU within any 180-day period."", ""You must have a valid UK passport."", ""Your UK passport must have at least 6 months validity."", ""If you hold an EU passport, you can enter the EU without a visa."", ""Your passport must be valid for the duration of your stay.""]",6
What is the cost of getting a DBS check to apply as a driving instructor?,"[""The cost of getting a DBS check to apply as a driving instructor is \u00a38.22."", ""You need to agree to the responsibilities outlined in the 'ADI register guide' before applying."", ""You can start your application once you have the DBS check.""]",3
"If I own multiple vehicles, can I have more than one exempt from vehicle tax?","[""There are exemptions for disabled persons."", ""There are exemptions for historic vehicles."", ""There are exemptions for electric vehicles.""]",3
What are the consequences for someone who uses an impersonator to take a driving test?,"[""Penalties are enforced to maintain the integrity of the driving test system."", ""Penalties are enforced to ensure fair practices.""]",2
"If I give up my British citizenship, will I still be able to visit the UK, and what happens to my family members' status?","[""If you give up your British citizenship, you may still be allowed to visit the UK as a visitor."", ""Giving up your British citizenship means you will lose the right to live in the UK permanently."", ""Your family members' current status will not be affected by your decision."", ""The citizenship rights of any future children you have will depend on their birthplace."", ""The citizenship rights of any future children you have will depend on their parents' status."", ""Understanding the impact is important for your family's long-term plans."", ""Understanding the impact is important for your family's legal status.""]",7
I served in the armed forces and was injured during a training exercise. How do I claim compensation for my injury?,"[""To claim compensation for an injury, you should contact the Ministry of Defence's Claims Service."", ""The Ministry of Defence's Claims Service handles claims for injuries sustained during a training exercise."", ""The Ministry of Defence's Claims Service handles claims for injuries sustained while serving in the armed forces."", ""You may be eligible for a lump sum."", ""You may be eligible for regular payments."", ""The amount you are eligible for depends on the severity of your injury."", ""There are time limits for making claims."", ""It is important to act promptly when making a claim.""]",8
I'm a British citizen and married to someone from the UK. How can I apply for British citizenship through marriage and what rights will my children have?,"[""If you're married to a British citizen, you can apply for British citizenship."", ""The application for British citizenship in this case is made as the spouse of a British citizen."", ""There is an application process."", ""You will need to go through the application process."", ""The nationality of your children may be automatically determined by the laws of the country where they were born."", ""The laws of the country of birth determine whether your children automatically have your nationality."", ""You should check with the relevant embassy or consulate in the UK."", ""The relevant embassy or consulate in the UK can provide information on the specific rules for your situation."", ""This process ensures you know your rights."", ""This process informs you of the steps you need to take.""]",10
I am running a charity in England that is not exempt from the Charity Commission. How do I know which guidance to follow for preparing our annual accounts?,"[""Charities in England may be exempt from the Charity Commission."", ""The Charity Commission provides guidance for non-exempt charities in England."", ""Non-exempt charities in England should follow the Charity Commission's guidance."", ""Preparing accounts must comply with relevant accounting standards."", ""Preparing accounts must comply with legal requirements."", ""It is important to ensure that your charity's accounts are accurate."", ""Accurate accounts should reflect your charity's financial position."", ""Accurate accounts should reflect your charity's activities.""]",8
"I want to apply for a public appointment, but I'm not sure where to start. What should I do first?","[""You should visit the public appointments website to apply for a public appointment."", ""You should search for available positions on the public appointments website."", ""You can apply to the British Museum."", ""You can apply to the Equalities and Human Rights Commission."", ""You can apply to the Science Advisory Council."", ""You should understand the requirements of the role before applying."", ""You should understand the responsibilities of the role before applying.""]",7
I want to give away some old clothes and electronics. What are the safest ways to do this without breaking any laws?,"[""You can donate old clothes to charity shops."", ""You can donate old electronics to charity shops."", ""You can sell old clothes online."", ""You can sell old electronics online."", ""You should ensure the recipient is legally allowed to take items that are considered waste when giving them away."", ""You can give old electronics to retailers."", ""This can be done when purchasing new electronics."", ""This approach ensures you're following the correct procedures."", ""This approach helps avoid any legal issues.""]",9
How can I find out if there are any new stretches of the King Charles III England Coast Path that are open near me?,"[""The National Trails website has information on the King Charles III England Coast Path."", ""The National Trails website provides maps of the King Charles III England Coast Path."", ""You can use the National Trails website to find out if new stretches of the King Charles III England Coast Path are open near you."", ""The maps show proposed stretches."", ""The maps indicate whether proposed stretches are open."", ""The maps indicate whether proposed stretches are approved but not yet open."", ""The maps indicate whether proposed stretches have published proposals but are not yet approved."", ""The maps indicate whether proposed stretches are in development."", ""You can contact Natural England for more detailed information."", ""Natural England can provide information about access rights."", ""Natural England can provide information about developments in your region.""]",11
How do I report someone who is exporting waste illegally in Scotland?,"[""Exporting waste without proper authorization is a violation of waste management laws."", ""Some countries do not allow the importation of waste for recycling.""]",2
Can I attend any events organized by the Farming Advice Service?,"[""The Farming Advice Service organizes events."", ""The Farming Advice Service has a website."", ""The website of the Farming Advice Service is www.farmingadviceservice.org.uk."", ""The website has a section for events, located at www.farmingadviceservice.org.uk/events."", ""The website will list upcoming events."", ""The website will provide booking instructions."", ""These events are designed to offer support to farmers and advisers."", ""These events are designed to offer information to farmers and advisers."", ""It is advisable to book early for sessions."", ""Popular sessions are especially likely to require early booking to secure a place.""]",10
I'm a trader selling biomass fuel to consumers. What specific information do I need from my suppliers to register on the biomass supplier list?,"[""Compliance with the requirements for the Renewable Heat Incentive is ensured."", ""The sustainability of the fuel being supplied is verified.""]",2
I just had a stillbirth and need to register it. How do I know who can register the stillbirth and what documents I need to provide?,"[""Married parents can register a stillbirth."", ""Parents in a civil partnership can register a stillbirth."", ""If one parent cannot be found, the other parent can register a stillbirth."", ""The mother can register the birth if the parents are not married or in a civil partnership and the father cannot be found."", ""The father can register."", ""The father can register if he was married to the mother."", ""The relevant marriage is the one that existed during treatment."", ""If neither parent can register the birth, someone else can do it."", ""Hospital staff can register a birth if neither parent can."", ""The person who found a baby can register its birth if neither parent can."", ""The register office will inform you of the necessary documents required."", ""The necessary documents may include medical records."", ""The necessary documents may include a certificate from a doctor.""]",13
"After registering my newborn's birth, what benefits can I apply for and how do I claim them?","[""After registering your newborn's birth, you may be eligible to claim Child Benefit."", ""After registering your newborn's birth, you may be eligible to claim Child Tax Credit."", ""There are financial supports designed to help with the costs of raising children."", ""You can claim Child Benefit through the government's website."", ""You can claim Child Benefit by contacting the relevant department."", ""Child Tax Credit can be claimed by submitting the necessary forms."", ""It's important to apply as soon as possible after the birth."", ""Applying promptly ensures you receive the support you're entitled to."", ""Both benefits are means-tested."", ""Your household income status may affect the amount you receive.""]",10
"I'm considering using a surrogate to have a child, but I'm not sure about the legal steps involved. What should I know about becoming the legal parent after the child is born?","[""You can become the legal parent after the child is born by applying for a parental order."", ""You can become the legal parent after the child is born by applying for adoption."", ""If the surrogate is married or in a civil partnership, their spouse or partner will also be the legal parent."", ""The spouse or partner of the surrogate can give permission to not be the legal parent."", ""It is important to understand the process."", ""Seeking legal advice can help protect your rights.""]",6
"I want to correct a mistake in my marriage certificate, like my job title being wrong. How do I go about getting this corrected?","[""To correct a mistake in your marriage certificate, you need to contact the register office."", ""Your contact should be with the register office where your marriage was originally registered."", ""If the information is only on the certificate, you might need to request a new certificate."", ""You should contact the register office directly."", ""You should explain the nature of the error when contacting the register office.""]",5
I need to report a workplace accident that happened at my job. How do I contact the Health and Safety Executive (HSE) and what information should I provide?,"[""They will guide you on the steps to take."", ""You will need to provide details about the incident."", ""The details about the incident include the date of the incident."", ""The details about the incident include the location of the incident."", ""The details about the incident include any injuries involved."", ""It's important to be specific about what happened."", ""It's important to be specific about any actions taken afterward."", ""You should keep records of the incident."", ""The records of the incident are for future reference.""]",9
What information do I need to provide when contacting the Motor Insurers' Bureau to claim compensation for damage caused by an uninsured driver?,"[""You should provide contact information."", ""You should provide supporting documents."", ""Supporting documents may include police reports."", ""Supporting documents may include medical records."", ""The MIB will review your case."", ""The MIB will inform you if you are eligible for compensation.""]",6
How do I make a claim for unclaimed court money if I'm close to the last claim date?,"[""You must inform the Court Funds Office if you're claiming within 12 months of the last claim date."", ""You must inform the Court Funds Office as soon as you submit your claim to the court."", ""The Court Funds Office is aware of your claim due to this process."", ""The Court Funds Office can assist you in the process.""]",4
What happens if I'm caught driving under the influence of drugs and I'm not prescribed them?,"[""Driving under the influence of non-prescribed drugs is an offense."", ""You could face serious consequences if caught driving under the influence of non-prescribed drugs."", ""You might receive a minimum 1-year driving ban."", ""You might receive an unlimited fine."", ""You might receive up to 6 months in prison."", ""You might receive a criminal record."", ""Your driving licence will show the conviction."", ""The conviction lasts for 11 years."", ""Your car insurance costs could increase significantly due to a conviction."", ""Your employer may find out about the conviction."", ""It's important to follow the law when driving."", ""You should consult your healthcare professional if you're unsure about driving while on medication.""]",12
I have a death certificate that needs to be legalised for use abroad. What are the options for getting it legalised and how long does it take?,"[""A death certificate must be issued by a public registry to be legalised."", ""The General Register Office is an example of a public registry that can issue a death certificate."", ""Death certificates are not eligible for an e-Apostille."", ""Death certificates require a paper-based apostille."", ""The document needs to be submitted to the Legalisation Office."", ""The Legalisation Office checks the authenticity of the document."", ""The Legalisation Office attaches an apostille to the document."", ""The time taken depends on verification processes."", ""Verification processes may involve checking signatures."", ""Verification processes may involve checking seals."", ""Verification involves checking against records."", ""The Legalisation Office informs applicants if additional checks are needed."", ""Additional checks can extend the processing time."", ""You should contact the recipient."", ""You should confirm the recipient's requirements."", ""You should confirm the recipient's preferences.""]",16
I need to report a concern about an attorney managing someone else's finances. What steps should I follow to ensure my report is handled properly?,"[""You can use their concern raising form to contact them."", ""You can write to them to raise a concern."", ""You can email them to raise a concern."", ""You can call them to raise a concern."", ""Including the donor's information will help."", ""Including the date you noticed the concern will help."", ""Including any evidence will help."", ""Including your contact details will help."", ""They will check their authority to investigate."", ""You can reach out to Jobcentre Plus for help."", ""You can reach out to local adult social services for help.""]",11
How can I ensure my employer handles my flexible working request reasonably?,"[""Your employer must offer an appeal process if your request is refused."", ""You can take an employer to an employment tribunal if they fail to handle your request reasonably."", ""Keeping records of all communications will support your case if needed.""]",3
I work as a nurse in Scotland and recently had a grievance about my workload. How do I formally raise this and what should I expect during the process?,"[""Your employer must have a written grievance procedure."", ""The written grievance procedure must outline the steps for the grievance process."", ""The written grievance procedure must outline the timeline for the grievance process."", ""You should submit your grievance in writing."", ""Your grievance submission should detail the issue."", ""Your grievance submission should detail the desired resolution."", ""They should inform you of their decision."", ""They should inform you of their decision in writing."", ""Every workplace has a policy."", ""You should follow the procedure outlined in your workplace's policy.""]",10
I've been told my job might be affected by a change in our company's operations. What steps should I take to understand if I'm at risk of redundancy and what my rights are during this process?,"[""You have the right to a reasonable amount of time to search for a new job."", ""You have the right to a reasonable amount of time to arrange training."", ""Your employer must ensure you are not unfairly selected for redundancy."", ""It's important to ask for a written explanation."", ""There is a process for alternative roles within the company."", ""It's important to understand the process for alternative roles within the company.""]",6
I'm starting a small business and need to hire staff. How do I determine the correct employment status for each role and what are the legal implications?,"[""Employees have the most rights and protections."", ""Employees are entitled to a minimum wage."", ""Employees are entitled to sick pay."", ""Employees are entitled to holiday entitlements.""]",4
Can I bring my family with me if I get an International Sportsperson visa and what are the rules around working a second job?,"[""You can bring your partner with you as a dependant."", ""You can bring your children with you as dependants."", ""Your partner and children must meet the eligibility criteria to be brought as dependants."", ""You can work for your sponsor in the job described in your certificate of sponsorship."", ""You can do a second job in certain circumstances."", ""You must ensure that your second job does not interfere with your primary role.""]",6
"My Start-up visa is ending, and I want to continue working in the UK. Can I switch to an Innovator Founder visa, and what does that involve?","[""You need to have a viable business idea."", ""You need to secure funding."", ""The process involves submitting an application to the Home Office."", ""You need to provide evidence of your business plan as part of the application."", ""You need to provide evidence of your financial support as part of the application."", ""Starting the application early can help avoid delays.""]",6
"I'm planning to visit my family in the UK, but I'm not sure if I need a visa or an ETA. How do I decide which one to apply for?","[""Visiting as part of a tour group may require a different type of visa."", ""Staying with family for longer than 6 months may require a different type of visa.""]",2
"I'm a child and my relative in the UK has protection status. Can I apply to join them, and what do I need to do?","[""You'll need to pay an application fee when applying."", ""You'll need to pay the healthcare surcharge when applying."", ""The application fee and healthcare surcharge apply to applications from inside the UK."", ""The application fee and healthcare surcharge apply to applications from outside the UK."", ""The application fee and healthcare surcharge are required for stays of more than six months.""]",5
I'm applying for early years pupil premium because my child is 3 and I get 15 hours free childcare. How do I know if I qualify and what steps should I take to apply?,"[""They will guide you on submitting the necessary documentation."", ""They will confirm if you meet the criteria."", ""The funding is paid directly to your provider."", ""Once approved, you will see the additional support reflected in your childcare costs.""]",4
I'm a retired individual in Wales and I'm considering applying for the disability access fund for my child's early years education. What are the requirements and how do I apply?,"[""The group includes children aged 3 and 4."", ""The group includes disadvantaged children aged 2."", ""The group includes children aged 9 months to 2 years."", ""The children aged 9 months to 2 years must have working parents to be included."", ""Your childcare provider can apply directly for the funding."", ""The funding is paid directly to the childcare provider.""]",6
I'm considering adopting a child and I'm unsure about the age requirements. Can you explain the age limits for adopting a child in England and Wales?,"[""To adopt a child in England and Wales, the child must be under 18 when the adoption application is made."", ""The rules apply to England."", ""The rules apply to Wales."", ""Scotland has different guidelines."", ""Northern Ireland has different guidelines.""]",5
I need to sign up for Tax-Free Childcare as a childcare provider. What do I need to provide and how do I get started?,"[""You should contact the Childcare Service helpline if you haven't received a letter."", ""You need your bank account details."", ""You need your business postcode."", ""Your business postcode should be the one registered with your regulator."", ""Ofsted is an example of a regulator."", ""You can sign up online through the HMRC service."", ""HMRC services might be slow during busy times.""]",7
I'm 67 and want to pay voluntary Class 3 National Insurance to fill gaps in my record. How long will it take for my payment to update my National Insurance record and when can I expect to see changes in my State Pension forecast?,"[""You can pay for voluntary Class 3 National Insurance online using the Check your State Pension forecast service."", ""It can take up to 5 working days for your record to update after making a payment for voluntary Class 3 National Insurance online."", ""For other payment methods, the processing time may take up to 8 weeks."", ""Your National Insurance record will be updated after the payment is processed."", ""Your personal tax account will be updated after the payment is processed."", ""You should keep a record of your payment confirmation."", ""You should keep a record of the date you made the payment.""]",7
"If my VAT liability decreases by 20% or more, can I request a reduction in my payments on account, and how do I go about doing that?","[""You need to write to the payments on account team."", ""You need to provide reasons for the reduction when writing to the payments on account team."", ""This applies to a completed year that ends after the year used to calculate your payments."", ""This applies to a year that has started but not yet ended."", ""You must include an estimate of future returns."", ""The estimate of future returns must cover the whole year."", ""HMRC may adjust your payments if they are satisfied with your explanation."", ""The adjustment is made to reflect a reduced VAT liability."", ""This process ensures your payments align with your actual liability.""]",9
I'm part of a community amateur sports club in Wales. What tax reliefs are available to us and how do we ensure we're compliant with tax regulations?,"[""Community amateur sports clubs (CASCs) in Wales can access tax reliefs."", ""CASCs in Wales have different tax reliefs compared to regular charities."", ""You should keep accurate records of your club's finances."", ""You should keep accurate records of your club's activities."", ""Keeping accurate records will support your tax position.""]",5
I'm starting a new limited company and need to understand how to handle Corporation Tax. What are the key steps I should follow to ensure I'm compliant?,[],0
I'm looking for free internet access and help using it in my area. How do I find the nearest Online Centres Network centre?,"[""This will give you a list of postcodes."", ""The list of postcodes will be for your area."", ""You can search for Online Centres Network centres near you."", ""Having a postcode is required to search for nearby Online Centres Network centres."", ""You should check the official website for information."", ""You can contact the centres directly for information."", ""You should confirm availability."", ""You should confirm opening hours.""]",8
I need to find my local council's website to access housing services. How do I do this step by step?,"[""You can enter your postcode to locate your council."", ""You can enter your address to locate your council."", ""You need to know your council's name."", ""Your council has an official website."", ""The official website of your council provides access to housing services."", ""This ensures you get accurate information."", ""The information is tailored to your area.""]",7
Who can appeal a listed building consent decision?,"[""Only the person who made the application can appeal a listed building consent decision."", ""You can comment on an appeal if you did not apply."", ""There is no fee for appealing."", ""The time limit for appealing is 6 months."", ""The 6-month appeal time limit starts from the decision date."", ""If the decision wasn't received on time, the 6-month appeal time limit starts from the due date.""]",6
What should I do if I think there's an illegal sale of alcohol happening in my area?,"[""They have the authority to investigate illegal activities."", ""They have the authority to take appropriate action against illegal activities."", ""It's important to provide as much detail as possible when making your report."", ""The location should be included when making your report."", ""Any other relevant information should be included to help address the issue effectively.""]",5
How can I find out about local consultations in my area in Wales?,"[""Contacting your local council directly might be helpful if you're not sure where to start.""]",1
Can I find out how to dispose of garden waste through my council's website?,"[""You can find information on how to dispose of garden waste through your local council's website."", ""There are sections related to recycling."", ""There are sections related to waste management."", ""You can search for 'garden waste disposal' to find details on the process."", ""You can search for 'recycling collections' to find details on the process."", ""The information is available in England."", ""The information is available in Wales."", ""The information is not available outside of England and Wales."", ""If you live in Scotland, you should contact your local council directly for details."", ""If you live in Northern Ireland, you should contact your local council directly for details.""]",10
I found some illegal posters on my street and want to report them. How do I find the correct authority to report this issue and what information do I need to provide?,"[""There is a postcode finder on Royal Mail's website."", ""The postcode finder on Royal Mail's website can be used to find your local council."", ""When reporting, you'll need to provide the address where the posters were found."", ""When reporting, you'll need to provide the type of poster."", ""When reporting, you'll need to provide the date you noticed the posters."", ""You should provide any other relevant details when reporting."", ""It is a criminal offence."", ""You should report it."", ""Your local council will handle the report."", ""Your local council will take appropriate action.""]",10
What is the best way to find my local council's website?,"[""You can enter your postcode to locate your local authority."", ""Entering your postcode will provide a way to navigate to your local authority's website."", ""You can search for your council's name in a search engine."", ""Adding 'council' to the search query can help find the relevant information.""]",4
I was issued a fine for not following the rules around drivers' hours. How do I pay it and what happens if I don't?,"[""To pay a fine for breaking the rules around drivers' hours, you'll need a payment code."", ""To pay a fine for breaking the rules around drivers' hours, you'll need a credit or debit card."", ""You should visit the DVSA website."", ""You should enter your payment code on the DVSA website."", ""You should complete the payment process on the DVSA website."", ""If you fail to pay on time, your vehicle might be immobilised."", ""If you fail to pay on time, you could be required to pay additional fees."", ""If you fail to pay on time, you might be taken to court."", ""There is a deadline for payment."", ""Paying after the deadline may result in further consequences."", ""You can pay by phone."", ""You can pay by post."", ""You can pay in person.""]",13
I'm 65 and want to start learning to drive again. What steps do I need to follow to get a provisional licence and prepare for my theory test?,"[""To start learning to drive, you need to apply for a provisional driving licence."", ""The minimum cost is \u00a334."", ""The maximum cost is \u00a343."", ""Your vehicle should be taxed."", ""Your vehicle should be insured."", ""Your vehicle should have a valid MOT if required."", ""You are above the minimum age."", ""You are eligible to begin.""]",8
I received a fine from DVLA for not informing them that I no longer own a vehicle. How do I appeal this fine?,"[""You can appeal the fine."", ""You need proof to appeal the fine."", ""The required proof is that you already told DVLA you are no longer the vehicle's keeper."", ""If you cannot provide proof, you must pay the fine."", ""You must pay the fine as soon as possible."", ""Vehicle tax can be paid online."", ""SORN fines can be paid online."", ""Other fines cannot be paid online."", ""Other fines can be paid by phone."", ""Other fines can be paid by post."", ""If you do not pay, your vehicle could be clamped."", ""If you do not pay, your vehicle could be crushed."", ""If you do not pay, your details could be passed to a debt collection agency."", ""You can appeal to DVLA if you have lost your letter."", ""To appeal, you should write to DVLA."", ""You should include your vehicle's registration number when writing to DVLA to appeal.""]",16
Can I use the online service to check my own driving licence information?,"[""You need to use a different service to view your own driving record."", ""You need to use a different service to generate a check code."", ""Your personal information is handled securely."", ""Your personal information is handled in accordance with legal requirements."", ""There are procedures to access your own driving details."", ""You should always follow the procedures to access your own driving details.""]",6
What is the process for renewing a photocard driving licence?,"[""A photocard driving licence is valid for 10 years."", ""There may be exceptions where a photocard driving licence is valid for a different period, as indicated otherwise."", ""You will receive a reminder before your item expires."", ""The reminder is to renew the item."", ""You can renew an expired licence at a Post Office."", ""The cost of renewing an expired licence at a Post Office is \u00a321.50."", ""You can renew online if you have certain medical conditions."", ""Diabetes is a medical condition that allows online renewal."", ""Epilepsy is a medical condition that allows online renewal.""]",9
How do I know the maximum authorised mass of my vehicle? Is there a way to check this easily?,"[""The maximum authorised mass (MAM) of a vehicle is the maximum weight it can safely carry."", ""The MAM includes the weight of the driver."", ""The MAM includes the weight of the fuel."", ""The MAM includes the weight of the cargo.""]",4
What kind of support can I get if my child is disabled and we have a low income?,"[""Your child must be disabled to be eligible for additional Child Tax Credit."", ""You must have a low income to be eligible for additional Child Tax Credit for a disabled child."", ""You may be eligible for additional Child Tax Credit for each disabled child you're responsible for.""]",3
"As a disabled veteran, I've been injured while serving in the armed forces. What kind of compensation can I claim and how do I apply for it?","[""You may be eligible for compensation if you were injured while serving in the armed forces."", ""You may be eligible for compensation if you were disabled while serving in the armed forces."", ""Financial support can be provided for medical treatment."", ""Financial support can be provided for loss of earnings."", ""Financial support can be provided for other related expenses."", ""You should contact the Ministry of Defence to apply."", ""You should contact a relevant veterans' organisation to apply."", ""They will guide you through the process."", ""They will help you gather the necessary documentation."", ""It's important to provide detailed information about your injury."", ""It's important to provide information about the impact of your injury on your life."", ""The compensation process can take some time."", ""It is advisable to seek assistance from a legal professional during the compensation process."", ""It is advisable to seek assistance from a support group during the compensation process.""]",14
I need to install a stairlift in my home due to a physical disability. Can I apply for a Disabled Facilities Grant for this?,"[""This grant can cover the cost of the stairlift."", ""You should contact your local council."", ""The purpose of contacting your local council is to discuss your specific needs.""]",3
"If I'm living in a country that's not listed on the UK government website, how can I find out what help is available from the UK government?","[""The UK government website lists help and services for people living abroad."", ""The UK government website covers 229 countries with its help and services for people living abroad."", ""If your country is not listed, you should contact the UK government directly."", ""The UK government can provide assistance for unlisted countries.""]",4
I was born on 1 September 1928 and I need to get a new passport. Am I eligible for a free passport and what additional options are available to me?,"[""The Post Office offers a Check and Send service."", ""The Post Office's Check and Send service is free."", ""You can opt for free secure delivery for your supporting documents through the Post Office.""]",3
"I'm applying for a British passport from another country and I need to know how to pay the fees. What payment methods are available, and are there any special instructions I should follow?","[""When using a cheque or postal order for an application, it must be payable to the correct organisation."", ""The application barcode numbers should be written on the back of the cheque or postal order.""]",2
I'm a student in Wales and I need to understand the process for contacting the Health and Safety Executive if I have a complaint about my workplace.,"[""The HSE provides support."", ""The HSE provides advice on handling certain matters.""]",2
I want to start a small business in healthcare. What kind of support is available for new businesses in England?,"[""In England, you can get free advice from the Business Support Service."", ""In England, you can get free support from the Business Support Service."", ""You can contact them by phone."", ""You can contact them by email."", ""You can contact them by webchat."", ""They provide guidance on selling overseas."", ""They provide guidance on expanding in the UK.""]",7
"I'm a retired person who works part-time in a shop. The temperature inside the shop feels too warm, especially during the summer. What should I do to ensure the workplace is comfortable?","[""You should speak directly to your employer if you feel the temperature in your workplace is uncomfortable."", ""There is no set legal minimum temperature."", ""There is no set legal maximum temperature."", ""Guidance suggests a minimum temperature of 16\u00baC."", ""Guidance suggests a minimum temperature of 13\u00baC for physical work.""]",5
Where can I find more information about benefits for families in Wales?,"[""For more information about benefits for families in Wales, you can visit the official government website."", ""This site provides detailed information about various benefits."", ""The site includes information about Universal Credit."", ""The site includes information about Child Benefit."", ""There is a benefits calculator tool available."", ""The benefits calculator tool can be used to determine what support you might be eligible for."", ""The website includes links to additional resources."", ""The website includes guidance to help you navigate the benefits system."", ""The purpose of the resources and guidance on the website is to help you navigate the benefits system effectively.""]",9
I'm in England and need help with transport. What support is available for disabled people?,"[""In England, disabled people can access various transport support services."", ""Assistance with travel arrangements is available."", ""Discounted fares are offered."", ""Specialized vehicles are provided."", ""You can contact your local council to find out more about transport support services."", ""You can use the government website to find out more about transport support services."", ""Transport support services are tailored for disabled individuals."", ""It's important to provide details about your specific needs when seeking assistance.""]",8
How do I know when my Statutory Sick Pay will be paid and how long it will take?,"[""Statutory Sick Pay (SSP) is typically paid by your employer."", ""The timing of Statutory Sick Pay (SSP) depends on your employer's payroll schedule."", ""You should receive payment within 7 days of your sick leave starting."", ""There are eligibility criteria that you must meet to receive payment."", ""If you're unsure about the payment timeline, you should contact your employer."", ""You should contact your employer directly for clarification on the payment timeline."", ""They should provide you with details about when you'll receive your SSP."", ""They should provide you with details about how you'll receive your SSP.""]",8
I'm looking for a job and have a disability. How can I find employers who are disability-friendly and guarantee me an interview if I meet the job requirements?,"[""The symbol indicates the employer's commitment to employing disabled people."", ""The employer guarantees an interview to disabled applicants who meet the basic job conditions."", ""You should check job listings in your area at your local Jobcentre."", ""Your local Jobcentre can provide information about disability-friendly employers."", ""Your local Jobcentre can refer you to a specialist work psychologist."", ""Your local Jobcentre can conduct an employment assessment."", ""The purpose of the employment assessment is to understand your skills and interests better.""]",7
Can employers require a driving licence for a job that involves occasional travel?,"[""Employers cannot require a driving licence if the job can be done without driving."", ""Alternative modes of transport, such as trains, can be used for work-related travel."", ""If a job requires travel, alternatives should be considered.""]",3
What are the rights of an employee who is being made redundant?,"[""An employee being made redundant has the right to reasonable time off."", ""The purpose of the time off is to look for a new job."", ""The purpose of the time off is to arrange training."", ""Employers must ensure that the selection process for redundancy is fair."", ""Employers must inform the employee of the reasons for redundancy.""]",5
What are the responsibilities of employers regarding workplace temperature and health and safety?,"[""Employers are responsible for maintaining a reasonable workplace temperature."", ""Employers must ensure the workplace environment is comfortable for employees."", ""Employers must ensure the workplace environment is safe for employees."", ""Employers must keep the temperature at a suitable level for work."", ""The suitable temperature for work is typically at least 16\u00baC."", ""For physical tasks, the suitable temperature is typically at least 13\u00baC."", ""Employees who feel the temperature is not suitable should discuss the issue with their employer.""]",7
I'm a nursing student in Wales and I've been told I need a Disabled Students' Allowance (DSA) assessment. How do I find the right provider and book an assessment?,"[""To find a DSA assessment provider in Wales, you can use the Royal Mail's postcode finder."", ""The Royal Mail's postcode finder requires you to enter your postcode to find a DSA assessment provider."", ""You should only book an assessment if advised to do so by Student Finance Wales."", ""Student Finance Wales provides guidance."", ""Following the guidance provided by Student Finance Wales helps ensure a smooth process.""]",5
What benefits qualify for free school meals in Wales?,"[""You may qualify for free school meals in Wales if you receive Income Support."", ""You may qualify for free school meals in Wales if you receive income-based Jobseeker's Allowance."", ""You may qualify for free school meals in Wales if you receive income-related Employment and Support Allowance."", ""You may qualify for free school meals in Wales if you receive the guaranteed element of Pension Credit.""]",4
I inherited a pension pot from my late partner and want to understand if I need to pay tax on the lump sum I received. What are the specific tax rules I should be aware of?,"[""The pension provider will deduct any tax due before paying you."", ""HMRC will send you a notice detailing what you owe."", ""HMRC will send you a notice explaining how to pay what you owe.""]",3
I want to understand how Inheritance Tax works if I pass away and leave my home to my children. What are the key rules I should know about?,"[""There is no tax to pay if your estate is worth less than \u00a3325,000."", ""Leaving your home to your children can increase your tax-free threshold."", ""The tax-free threshold can increase to \u00a3500,000 in this situation."", ""There is a tax threshold for estates."", ""Estates worth more than the threshold are subject to tax on the excess."", ""The excess value of an estate is taxed at 40%."", ""It is important to consult with an executor or professional."", ""Consulting with an executor or professional helps ensure all rules are followed.""]",8
I need to find a postcode to apply for assistance. How do I use the Royal Mail's postcode finder?,"[""A postcode is needed to apply for various services."", ""Equipment for your home can be applied for using a postcode."", ""Garden maintenance services can be applied for using a postcode."", ""An accurate postcode is required for your application."", ""Inaccurate postcodes can cause delays in processing your application.""]",5
"I received a high hedge remedial notice from my council, and I want to appeal. What steps should I take to ensure my appeal is processed correctly and on time?","[""You should contact your local council to confirm the details of the notice."", ""You should gather supporting evidence related to the hedge."", ""Supporting evidence for the hedge can include photographs."", ""Supporting evidence for the hedge can include measurements."", ""You can appeal directly to the Planning Inspectorate."", ""There is no fee for appealing to the Planning Inspectorate.""]",6
How can I report a company that is using my personal details without my permission?,"[""A company should not use your personal details without your permission."", ""If a company is using your personal details without your permission, you should contact the company."", ""You should request that the company stop using your information when you contact them."", ""You can report unresponsive or unresolved issues to the Information Commissioner's Office (ICO)."", ""The Information Commissioner's Office (ICO) handles data protection issues.""]",5
"If a dissolved company has assets like property or shares, how can I claim or buy these assets without going through the courts?","[""You might need to apply for a discretionary grant if you were a shareholder."", ""You might need to negotiate with others who have an interest in the assets.""]",2
How do I compare the performance of schools in England using the government website?,"[""You can search for primary schools near you."", ""You can search for secondary schools near you."", ""You can search for special needs schools near you."", ""You can view exam and test results once you find a school."", ""You can view Ofsted reports once you find a school."", ""You can view financial information once you find a school."", ""You can download exam and test results once you find a school."", ""You can download Ofsted reports once you find a school."", ""You can download financial information once you find a school."", ""The details are used to understand school performance."", ""The details provide information on how well a school is performing.""]",11
I'm a student in Scotland and I'm interested in applying for financial aid for my university studies. How do I go about it?,"[""You should speak to your student support service to apply for financial aid for your university studies."", ""They can guide you through the process of applying for bursaries."", ""They can guide you through the process of applying for scholarships."", ""They can guide you through the process of applying for awards."", ""Each institution has its own rules."", ""You should get detailed information from your university."", ""You can check the university's website for more details."", ""The university's website provides information on the application process.""]",8
I'm on paternity leave and want to take time off to attend antenatal appointments with my partner. How many appointments can I take time off for and what are the rules about this?,"[""You can take time off to attend antenatal appointments with your partner during your paternity leave."", ""You are allowed to attend up to 2 antenatal appointments with your partner during your paternity leave."", ""These appointments are considered part of your leave entitlement."", ""You can use the time off for these appointments in addition to your paternity leave."", ""You should inform your employer about the dates of your appointments."", ""Informing your employer about appointment dates helps ensure they are accommodated within your leave schedule.""]",6
I work as a nurse and have developed noise-induced hearing loss due to working in a mine. How do I claim compensation for this condition?,"[""You can claim compensation for noise-induced hearing loss caused by mining."", ""To claim compensation for noise-induced hearing loss caused by mining, you should seek legal advice."", ""There are solicitors who specialize in industrial injuries."", ""You can contact solicitors who specialize in industrial injuries."", ""Solicitors who specialize in industrial injuries can help you explore your options."", ""They can help you understand the process of making a claim through the courts."", ""It is important to gather evidence of your exposure to noise in the workplace."", ""You should gather medical reports confirming your condition."", ""The claim may involve proving negligence by the employer."", ""The negligence in question involves the employer's failure to provide adequate protection.""]",10
I have a salmon and sea trout rod fishing licence in England and Wales. What happens if I don't report my catch return?,"[""The authorities require information to manage fish populations."", ""The authorities require information to ensure fair practices."", ""It is important to submit your return on time."", ""Submitting your return on time helps avoid issues."", ""You should understand the requirements."", ""You should complete the process as instructed.""]",6
How long does it take to get a decision after submitting an appeal against a tree preservation order?,"[""Your appeal will be validated before a decision is made."", ""You'll normally get a decision on your appeal within 27 weeks."", ""There is a timeline for appeals related to tree preservation orders."", ""The timeline applies to appeals related to tree preservation orders."", ""Your appeal should be submitted correctly."", ""Your appeal should be submitted on time."", ""Submitting an appeal incorrectly or late can cause delays.""]",7
I'm 65 and have a disability. How do I apply for free vehicle tax on my car?,"[""You can only get the exemption on one vehicle if you have more than one."", ""The DVLA will send you a refund if you've already paid vehicle tax."", ""The refund will be for any full remaining months of vehicle tax.""]",3
How can I find out if my Blue Badge is valid and what rights it grants me?,"[""Your badge should be up to date."", ""You should understand the rules associated with the use of your badge."", ""Your local council can provide further assistance if you have any questions.""]",3
I'm a nurse with a disability and I'm trying to figure out what financial support I might be eligible for. How can I find out what benefits I can claim and what steps should I take to apply for them?,"[""You can check the government website to find out what benefits you might be eligible for."", ""The government website lists various benefit options."", ""Universal Credit is a benefit option listed on the government website."", ""Personal Independence Payment (PIP) is a benefit option listed on the government website."", ""Attendance Allowance is a benefit option listed on the government website."", ""You'll need to gather medical evidence."", ""You'll need to gather proof of income."", ""You can contact your local council for more information on benefits."", ""Council Tax Reduction is a type of benefit."", ""Housing Benefit is a type of benefit."", ""It is advisable to consult with a benefits advisor when applying for benefits."", ""It is advisable to consult with a solicitor who specializes in disability rights when applying for benefits."", ""Consulting with a benefits advisor or a solicitor can help ensure you are applying correctly."", ""Consulting with a benefits advisor or a solicitor can help you receive the maximum support available.""]",14
I need help claiming benefits because I'm disabled and live alone. How do I get a support visit from the DWP?,"[""You should tell the DWP if you need help."", ""You can request help from the DWP by calling a phone number."", ""The phone number to call for help is specific to the benefit you're applying for."", ""They will arrange a visit."", ""You must be eligible to have a visit arranged."", ""Support visits can happen at your home."", ""Support visits can happen at another location, such as a hospital."", ""You can reschedule an event if needed."", ""You can change the location of an event if needed.""]",9
What options are available for help with paying for a funeral after someone dies?,"[""There are several options for help with paying for a funeral."", ""You can get assistance through the local council."", ""There are specific programs available for children's funerals."", ""It's important to contact these services as soon as possible."", ""You should contact these services to explore the available options."", ""These services can provide financial support to help cover funeral costs.""]",6
I was told I was overpaid tax credits. How can I check if there was an error in the calculation?,"[""They should provide you with the reasons for the overpayment."", ""They should provide you with the figures used."", ""You can request a review if you disagree with their calculation."", ""You can appeal if you disagree with their calculation."", ""It's important to act quickly to resolve discrepancies.""]",5
"I want to use Tax-Free Childcare for my child, but I'm not sure if I'm eligible. What do I need to check first?","[""Your child must be 11 or under."", ""Your child must usually live with you."", ""You must have a National Insurance number."", ""You must have at least one of the following: British or Irish citizenship, settled status, or permission to access public funds.""]",4
"How do I apply to foster a child in Wales, and is there a different process compared to applying in England?","[""In Wales, you can apply to foster a child."", ""You apply to foster a child in Wales through your local council."", ""The process in Wales is similar to that in England."", ""There might be differences in the specific requirements between Wales and England."", ""There might be differences in the support offered by local councils between Wales and England."", ""You should contact your local council for detailed information."", ""You should contact your local council for guidance.""]",7
I'm looking after my niece who has no parents alive. Can I claim Guardian's Allowance and how much would I get each week?,"[""The allowance rate is \u00a322.10 per week."", ""The allowance is added to your Child Benefit."", ""The allowance is tax-free."", ""To apply, you need to contact the Guardian's Allowance Unit."", ""You need to provide details about your situation when applying."", ""You should inform them of any changes to your address."", ""You should inform them of any changes to the child's needs.""]",7
"What are the requirements for getting Parents' Learning Allowance, and how does it affect my other financial support?","[""To get Parents' Learning Allowance, you must be a full-time student."", ""To get Parents' Learning Allowance, you must have children."", ""Your eligibility depends on your household income."", ""The allowance is provided on top of your other student finance."", ""The allowance does not have to be repaid."", ""If your circumstances change, you might have to pay back an overpaid amount."", ""The allowance helps cover your learning costs."", ""Receiving the allowance does not affect other financial support you may receive."", ""You should update your details if your circumstances change."", ""Your circumstances can change during your course.""]",10
What are the conditions under which I can appeal an EHC plan decision?,[],0
"Can I get a replacement exam certificate for my O level results, or will I just receive a certified statement of results instead?","[""Your exam board will send you a 'certified statement of results'."", ""A 'certified statement of results' can be used in place of your original exam certificate."", ""A 'certified statement of results' can be used when applying to university."", ""This statement serves the same purpose as a certificate."", ""This information applies to O levels."", ""This information applies to CSEs."", ""This information applies to GCSEs."", ""This information applies to A levels."", ""The Scottish Qualifications Authority (SQA) offers qualifications."", ""You should contact the Scottish Qualifications Authority (SQA) directly for replacement certificates for their qualifications.""]",10
I'm planning to start working as a taxi driver in Scotland. What are the steps I need to follow to get a driver licence for a taxi or private hire vehicle?,"[""To get a driver licence for a taxi or private hire vehicle in Scotland, you need to apply to the relevant licensing authority."", ""Your local council could be responsible in certain areas."", ""Transport for London could be responsible if you're working in London."", ""You must be able to work legally in the UK."", ""You must have held a full driving licence for at least 12 months."", ""You must be licensed by an authority."", ""Your vehicle must be licensed by an authority."", ""You and your vehicle must be licensed by the same authority.""]",8
"I'm looking to become an HGV driver. How can I get help with the costs of training, and what are the different options available in Scotland?","[""In Scotland, there are various training options available."", ""The training options in Scotland are for becoming an HGV driver."", ""Apprenticeships are available."", ""Apprenticeships offer a salary during training."", ""Vocational qualifications might be partially funded."", ""Vocational qualifications might be fully funded."", ""You can seek careers advice specific to Scotland for more guidance.""]",7
I received a late filing penalty notice for the Construction Industry Scheme (CIS). How do I pay it online and what are the payment options available?,"[""You can pay the late filing penalty online."", ""There are several methods available to pay the late filing penalty online."", ""You can approve a payment through your online bank account."", ""You can use Direct Debit as a payment method."", ""You can use Direct Debit to make a one-off payment."", ""You can use an existing Direct Debit setup for HMRC for payment."", ""You can pay online using a debit card."", ""You can pay online using a corporate credit card."", ""There is a deadline for paying HMRC."", ""The deadline is 30 days from the date of the notice."", ""It is important to ensure payment reaches HMRC by the deadline."", ""If the deadline falls on a weekend, your payment should be processed on the last working day before the deadline."", ""If the deadline falls on a bank holiday, your payment should be processed on the last working day before the deadline.""]",13
I'm running a private limited company and need to file my annual accounts. What steps should I take to ensure I meet the requirements and submit everything correctly?,"[""You must get your annual accounts approved by your company directors before filing them."", ""You need a Companies House password to access the service."", ""You need a Companies House authentication code to access the service."", ""You can register for a Companies House password if you don't already have one."", ""You can register for a Companies House authentication code if you don't already have one."", ""You can contact Companies House directly for help if you're unsure."", ""Your accounts should include all necessary financial information."", ""The necessary financial information is outlined in the guidance.""]",8
How long does a Display Energy Certificate (DEC) remain valid for different sized buildings?,"[""The DEC is valid for 10 years for buildings with a total useful floor area between 250 and 1,000 square metres."", ""The information provided is up-to-date."", ""The information provided is accurate for the public.""]",3
Can I find information about asbestos in my home from my local council?,"[""They are the primary source for guidance on handling asbestos safely."", ""They are the primary source for guidance on disposing of asbestos safely."", ""You can contact your local council directly."", ""Your local council can provide detailed information on asbestos in your home."", ""You should ask for all the necessary details."", ""Asking for all the necessary details ensures proper handling.""]",6
How can I find out the term dates for my child's school?,"[""Term dates for schools in England can be found on the local council's website."", ""Term dates for schools in Wales can be found on the local council's website.""]",2
I'm a nurse looking to further my education and want to understand what qualification levels mean. How can I determine the level of a qualification I'm interested in?,"[""There is a list of qualification levels available in England, Wales, and Northern Ireland."", ""You can check this list to find out the level of a qualification."", ""Qualifications at the same level can cover different amounts of the same subject.""]",3
"How do I register my boat for use at sea, and what are the requirements?","[""Registration is necessary for operating a boat on the open sea."", ""It is advisable to consult the UK Ship Register."", ""The UK Ship Register provides information on the exact process for registration."", ""The UK Ship Register provides information on the exact documentation needed for registration.""]",4
"What is maximum authorised mass, and why is it important for my vehicle's insurance and MOT?","[""Exceeding the vehicle's weight limit can invalidate your insurance."", ""Exceeding the vehicle's weight limit can result in failure during an MOT test.""]",2
I want to change my name and update my documents like my passport and driving licence. How do I go about getting a deed poll and what steps do I need to take?,"[""You need a deed poll to change your name."", ""A deed poll is required to update official documents."", ""An unenrolled deed poll is for personal use."", ""An unenrolled deed poll does not need to be recorded publicly."", ""An enrolled deed poll is for official purposes."", ""An enrolled deed poll requires registration with the Royal Courts of Justice."", ""You can create an unenrolled deed poll yourself if you are 16 or over."", ""For official documents like a passport or driving licence, you may need an enrolled deed poll."", ""An enrolled deed poll costs \u00a350.32."", ""You must be 18 or over to get an enrolled deed poll."", ""You should contact the organisation you're dealing with to determine their requirements."", ""The organisation will have specific types of documents they accept as proof of a new name.""]",12
I am applying for a veterans badge on behalf of someone who has passed away. What documentation do I need to provide to prove my eligibility?,"[""This ensures that you are authorized to act on their behalf."", ""You will need to provide your relationship to the deceased serviceperson."", ""You will need to provide relevant documentation supporting your claim."", ""The documentation is required to support your claim to the pension or compensation."", ""The application process is the same as for living applicants."", ""You can apply online."", ""You can apply by post."", ""You should ensure that all information provided is accurate."", ""Providing inaccurate information can cause delays.""]",9
I live in Scotland and want to report a dog fouling issue in a public area. How do I find the correct local council to contact?,"[""In Scotland, dog fouling issues can be reported."", ""The method for reporting dog fouling issues in Scotland is by contacting your local council."", ""You can visit the council's website for information."", ""You can call the council's customer service line for information.""]",4
I need to give an employee a tax refund but I can't afford it. How do I apply for financial help from HMRC?,"[""You can use the email form if you're an agent."", ""Payments to HMRC should be up to date."", ""Out-of-date payments to HMRC can be rejected.""]",3
"I'm 65 and retired, but I sometimes do part-time work. Are there any exceptions where I can work more than 48 hours a week?","[""There are exceptions to the 48 hour working week limit."", ""It is possible to work more than 48 hours a week in certain circumstances.""]",2
I'm applying for student finance as an older student. How do I know if I'm eligible and what steps should I take to apply?,"[""You can check if you're eligible for student finance on the official website."", ""The official website has a specific option for students from Scotland."", ""You can apply online."", ""You can apply by post.""]",4
Do I need a certificate to use a shotgun for hunting?,"[""This applies to rifles."", ""This applies to other firearms.""]",2
What happens if my employer asks me to delay my jury service?,"[""If you refuse, your employer must still allow you time off."", ""Refusing does not result in dismissal from your employer.""]",2
How can I get help with travel if I have a medical condition that affects my mobility?,"[""You can apply for a Blue Badge if you have a medical condition affecting your mobility."", ""A Blue Badge allows you to park closer to shops and facilities."", ""A disabled person's railcard exists."", ""A disabled person's railcard provides discounted train travel."", ""Your local authority can provide information on community transport services."", ""Your local authority can provide information on Shopmobility."", ""Community transport services offer transport assistance."", ""Shopmobility offers transport assistance."", ""This helps ensure you receive necessary support during your journeys.""]",9
I'm 65 and considering delaying my pension to get a higher amount. What are the steps I need to take and what factors should I consider?,"[""You may be able to make voluntary contributions to fill gaps in your National Insurance record."", ""Voluntary contributions to fill gaps in your National Insurance record could affect your pension amount.""]",2
I have limited savings and receive benefits. Can I get help with paying court fees?,"[""They can provide information on how to apply for fee relief."", ""It is important to communicate your financial situation."", ""Communicating your financial situation should be done early."", ""Communicating your financial situation can help explore available support.""]",4
What happens if my child is receiving DLA for children and we move from Scotland to England or Wales?,"[""Your child may be receiving Child Disability Payment in Scotland."", ""If you move to England or Wales, you must report the change to Social Security Scotland."", ""Social Security Scotland is responsible for Child Disability Payment."", ""You should keep copies of all documents related to the move."", ""You should keep copies of all documents related to the new claim."", ""These documents should be kept for your records.""]",6
What are the maximum weight limits for parcels sent through the British Forces Post Office (BFPO) and how do they vary depending on where I post from?,"[""The maximum weight limit for parcels sent through the British Forces Post Office (BFPO) varies."", ""The maximum weight limit for parcels sent through the BFPO depends on the posting location."", ""The maximum weight for a parcel posted at a Post Office is usually 20kg."", ""The maximum weight allowed for a parcel ordered from a UK-based online retailer is typically 30kg."", ""You should consider the value of your item when choosing the posting method."", ""You should consider the cost of your item when choosing the posting method."", ""You should consider the size of your item when choosing the posting method."", ""You should consider the weight of your item when choosing the posting method."", ""Choosing the correct posting method helps ensure safe delivery."", ""Choosing the correct posting method helps ensure timely delivery.""]",10
I received a refusal for my UK visa and want to appeal. How do I know if I am eligible to appeal and what steps should I take?,"[""You can appeal online if you're appealing for yourself."", ""You can appeal by post if you're appealing for yourself."", ""You can appeal by email if you're appealing for yourself."", ""If your client is in detention, you must use a paper form.""]",4
What should I do if I think my employer is discriminating against me because of my disability?,"[""You should gather evidence if you think your employer is discriminating against you because of your disability."", ""The Equality and Human Rights Commission (EHRC) can be contacted to report an issue.""]",2
What steps should I take if I want to start a petition to influence government decisions?,"[""There are instructions available on how to create a petition."", ""There are instructions available on how to submit a petition."", ""You'll need to provide details about your cause."", ""You'll need to explain why your cause matters."", ""You'll need to set a target for signatures."", ""Your petition can be shared with friends and family once it is live."", ""Your petition can be shared on social media once it is live."", ""The purpose of sharing your petition is to gather support."", ""A petition requires 100,000 signatures to be considered for debate."", ""The House of Commons is where the petition will be considered for debate if it reaches the required number of signatures."", ""You should keep your petition updated."", ""You should keep your petition engaging."", ""Updating and engaging your petition can encourage more people to sign.""]",13
I need to understand the legal requirements for employing someone in England. What are the key points I should know about contracts of employment and working hours?,"[""In England, employers must provide a written contract of employment."", ""A written contract of employment in England must outline pay."", ""A written contract of employment in England must outline working hours."", ""A written contract of employment in England must outline holiday entitlements."", ""Working hours should comply with the Working Time Regulations."", ""The Working Time Regulations limit average weekly hours to 48."", ""The Working Time Regulations require breaks."", ""Employers must ensure employees receive statutory sick pay."", ""Employers must ensure employees receive maternity/paternity leave."", ""The gov.uk website has specific regulations."", ""The gov.uk website provides detailed guidance on the regulations."", ""It is important to review the regulations on the gov.uk website.""]",12
I want to open a small business near a protected area in Scotland. What steps do I need to follow to ensure compliance with the regulations?,"[""It is advisable to conduct an ecological survey."", ""An ecological survey can identify any protected species in the area."", ""It is advisable to carry out an Environmental Impact Assessment (EIA)."", ""An Environmental Impact Assessment (EIA) evaluates the potential impact on the environment."", ""Assessments can help ensure business operations comply with regulations."", ""There are regulations governing protected areas in Scotland.""]",6
"If I'm stopped by customs and my items are seized, can I get them back and how do I challenge the decision?","[""If your items are seized, you can ask for them back."", ""You can ask for your seized items back even if you agree with the seizure."", ""You can challenge a customs decision by going to court if you believe it was wrong."", ""Customs will explain the process to you."", ""Your items may be seized by customs as criminal evidence."", ""You should always check the notice or letter from customs."", ""The notice or letter from customs will tell you who seized your things."", ""The notice or letter from customs will tell you how to proceed.""]",8
"My marriage ended in England, but I've lost my final order or decree absolute. Can I still apply for a copy, and what steps do I need to follow?","[""You can apply for a copy of your final order."", ""You can apply for a copy of your decree absolute."", ""You can apply for a copy of these documents even if you've lost the original."", ""You need to identify which court handled your divorce."", ""You need to identify which court handled your annulment."", ""You need to identify which court handled your dissolution.""]",6
What is the process for getting a Disabled Facilities Grant and what kind of evidence do I need to provide?,"[""This includes medical reports."", ""This includes a detailed list of required changes."", ""It is important to gather all required documents."", ""Gathering required documents should be done before starting the application process.""]",4
What support can I receive while waiting for the outcome of my immigration appeal?,"[""Support is available to individuals awaiting a decision on their asylum application.""]",1
I'm looking for an internship in Wales and I've heard about the Graduate Talent Pool. Is it still open and how can I apply if it's not?,"[""The Graduate Talent Pool has now closed."", ""You'll need to look for internships through other means.""]",2
I'm having trouble with a consumer issue and need advice. Which helpline should I call in Wales?,"[""If you're facing a consumer issue in Wales, you should contact the Citizens Advice consumer helpline."", ""They provide support for consumer problems related to energy supply."", ""They provide support for consumer problems related to postal services."", ""They provide support for a wide range of other consumer problems."", ""The phone number for the service is 0808 223 1133."", ""The service is available from Monday to Friday."", ""The service is available from 9am to 5pm."", ""This helpline is a reliable resource."", ""This helpline can be used for resolving consumer disputes.""]",9
I'm trying to find new customers for my retail business in Scotland. How can I use great.gov.uk to find overseas buyers and export opportunities?,"[""You can use great.gov.uk to check if your business is ready to export."", ""You can use great.gov.uk to connect with overseas buyers."", ""There is a 'find a buyer' service on great.gov.uk."", ""The 'find a buyer' service allows you to showcase your products."", ""The 'find a buyer' service allows you to showcase your products to international buyers."", ""You should start preparing your business for exporting by visiting great.gov.uk."", ""great.gov.uk provides steps to prepare your business for exporting."", ""This will help you identify potential markets outside of Scotland."", ""This will help you identify potential buyers outside of Scotland.""]",9
I need to contact HMRC because I disagree with a tax decision they made. What steps should I take to ensure my concerns are properly addressed?,"[""It is important to gather documents to support your case."", ""It is important to gather evidence to support your case."", ""The documents and evidence gathered should be relevant to your case.""]",3
I'm separating from my partner and we have children. What steps should I take to ensure we both provide financial support for our children?,"[""When you separate, you and your ex-partner must share financial support for your children."", ""The financial support for children after separation is known as 'child maintenance'."", ""There is a distinction between the process in question and the legal paperwork to end a relationship."", ""You need to make arrangements for looking after your children."", ""Arrangements for looking after your children include agreeing on custody."", ""Arrangements for looking after your children include agreeing on visitation rights."", ""It's important to discuss these matters."", ""It's important to agree on these matters."", ""Discussing and agreeing on these matters ensures the well-being of your children."", ""You can seek advice from organizations like Citizens Advice."", ""Citizens Advice can help navigate the process."", ""Citizens Advice can help you understand your rights and responsibilities.""]",12
How can I complain about a service I received that didn't meet my expectations?,"[""You can escalate a complaint to an ombudsman if it is not resolved."", ""You can reach out to Citizens Advice for assistance.""]",2
I want to apply for a secondary school place for my child in Wales. What are the key steps I should follow and what information do I need to prepare?,"[""It's important to check the specific requirements of the school you're applying to."", ""Schools may have additional criteria for applications."", ""The local authority has an education department."", ""The local authority's education department can provide support."", ""The local authority's education department can provide guidance.""]",5
I am a carer in Scotland and receive Carer's Allowance. What happens if I move to England or Wales?,"[""If you move from Scotland to England or Wales, you must report your move to Social Security Scotland."", ""If you move from Scotland to England or Wales and receive Carer Support Payment, you must make a new claim for Carer's Allowance."", ""Your Carer Support Payment will stop after you move."", ""The Carer Support Payment will stop 13 weeks after the move."", ""Delaying a new claim can affect your payments.""]",5
I am in Northern Ireland and need to change the details on my Blue Badge. How is this process different from the rest of the UK?,"[""You should contact the relevant authority in Northern Ireland for specific instructions."", ""They will guide you through the steps needed to update your badge."", ""It is important to follow their procedures."", ""Their procedures may differ from those in other parts of the UK.""]",4
I need to find contact details for a lost pension. How do I use the online service to find this information?,"[""You'll need the name of the employer to proceed."", ""You'll need the name of the pension provider to proceed."", ""The online service is available in Welsh."", ""The Pension Tracing Service can be contacted by phone."", ""The Pension Tracing Service can be contacted by post."", ""You can request contact details from the Pension Tracing Service."", ""They won't tell you whether you have a pension."", ""They won't tell you the value of your pension.""]",8
"As a teacher with a child under 16, can I get help with childcare costs and how do I apply for it?","[""There is a childcare cost calculator available."", ""The childcare cost calculator determines how much you could get towards approved childcare."", ""The calculator will show you an amount."", ""The amount shown is the support you might be eligible for.""]",4
Where can I find the nearest postcode finder tool to locate my area?,"[""This tool helps you identify the correct postcode for your location."", ""Knowing your postcode is necessary for accessing local health protection services."", ""Using the correct postcode ensures that you receive accurate information from local health protection teams."", ""Using the correct postcode ensures that you receive support from local health protection teams.""]",4
"If I have a British passport, do I still need to apply for an ETA when visiting the UK?","[""Individuals with permission to live in the UK are exempt from needing an ETA."", ""Individuals with permission to work in the UK are exempt from needing an ETA."", ""Individuals with permission to study in the UK are exempt from needing an ETA.""]",3
I'm 68 and live in Scotland. I've been receiving Disability Living Allowance (DLA) for many years. What changes will happen to my benefit and how do I apply for the new Scottish Adult Disability Living Allowance?,"[""Disability Living Allowance (DLA) is being replaced."", ""DLA is being replaced by other benefits."", ""You should check the letter for details on how to apply for the new benefit."", ""It's important to respond to the letter promptly."", ""Responding to the letter promptly ensures your payments continue without interruption.""]",5
I'm a nurse in Wales and I work on a farm. Do I have the right to paid holiday and sick pay as an agricultural worker?,"[""As an agricultural worker in Wales, you are entitled to paid holiday."", ""As an agricultural worker in Wales, you are entitled to Agricultural Sick Pay."", ""The Agricultural Wages (England and Wales) Order 2012 outlines certain rights."", ""The Agricultural Wages (England and Wales) Order 2012 applies to England and Wales.""]",4
I'm expecting my first child and I live in Scotland. When should I apply for the Pregnancy and Baby Payment?,"[""You should apply for the Pregnancy and Baby Payment as soon as possible."", ""The application for the Pregnancy and Baby Payment should be made after your baby is born."", ""There is no specific deadline mentioned for applying."", ""It is advisable to apply promptly."", ""Applying promptly will help ensure you receive the payment in time."", ""There is official guidance available for the application."", ""The official guidance may include additional requirements for the application."", ""The official guidance may include information about additional forms needed for the application.""]",8
I need to know if I have to get an Energy Performance Certificate (EPC) for my small shop that's under 50 square metres and not used for residential purposes. What are the rules around this?,"[""You can avoid the requirement to obtain an EPC for your small shop."", ""If you're unsure, you should consult a commercial energy assessor."", ""A commercial energy assessor can provide guidance.""]",3
How can I apply for a disabled person's bus pass in England?,"[""To apply for a disabled person's bus pass in England, you should contact your local council."", ""They will guide you through the application process."", ""They will provide the necessary forms."", ""You must meet the eligibility criteria to be eligible."", ""To be eligible, you must be 'eligible disabled'."", ""To be eligible, you must reside in England."", ""Your application must be approved to receive a bus pass."", ""Once approved, you will receive your bus pass.""]",8
Is there a way to get a parking permit without going through my local council?,"[""Parking permits are typically issued by local councils."", ""Some councils offer online applications for parking permits."", ""Some councils offer forms for parking permits that can be completed online.""]",3
I have a mental health condition and need to modify my home for better accessibility. What types of adaptations can I get funding for through a Disabled Facilities Grant?,"[""A Disabled Facilities Grant can help fund home adaptations."", ""Home adaptations can improve accessibility."", ""The grant is available to individuals with a mental health condition."", ""You may be eligible for building extensions."", ""You may be eligible for a downstairs bedroom extension."", ""You may be eligible for adaptations to heating systems."", ""You may be eligible for adaptations to lighting systems."", ""The modifications aim to enhance your independence."", ""The modifications aim to enhance your comfort at home."", ""The grant does not affect your benefits."", ""You can apply for the grant without fear of losing any existing financial support.""]",11
I have a terminal illness and need to make my home more accessible. What can a Disabled Facilities Grant cover?,"[""A Disabled Facilities Grant can cover modifications to make a home more accessible."", ""A Disabled Facilities Grant can be used for individuals with a terminal illness."", ""You might be eligible for a stairlift."", ""You might be eligible for a level access shower."", ""The grant can help with extensions such as a downstairs bedroom."", ""The grant can help with adjustments to heating systems."", ""The grant can help with adjustments to lighting systems."", ""The exact changes depend on your assessed needs."", ""The exact changes depend on the council's approval.""]",9
I'm a student in Scotland and I need to apply for student finance. How do I apply online and what should I do if I can't use a computer?,"[""To apply for student finance online, you need to create a student finance account if you're a new student."", ""If you're a returning student, you should sign in to your existing student finance account."", ""You can apply by post if you can't use a computer."", ""You need to complete the appropriate form."", ""The completed form needs to be sent by mail."", ""You may be eligible for tuition fee-only funding."", ""There are circumstances where you are unable to apply online."", ""It can take up to 6 weeks to process your application."", ""You might need to provide additional evidence.""]",9
I'm a teacher and I've noticed some students with disabilities aren't getting the support they need in class. What steps should I take to ensure they're treated fairly and have access to the resources they require?,"[""The Equality Act 2010 provides legal protection from discrimination."", ""The Equality Act 2010 applies to education."", ""Students with disabilities are protected from discrimination under the Equality Act 2010."", ""You should first identify the specific needs of the student."", ""You should discuss the student's needs with the school's special educational needs coordinator (SENCO)."", ""All students should be provided with equal opportunities."", ""Reasonable adjustments should be made to accommodate the needs of students.""]",7
I'm worried about an older person in a care home because they seem unhappy and aren't getting proper care. What should I do to report this and ensure they're protected?,"[""The local council is responsible for ensuring care homes provide proper care."", ""You should contact the local council for this purpose."", ""The council can investigate your concerns."", ""The council can take action if necessary."", ""They may visit the care home."", ""They may assess the situation at the care home."", ""They may talk to the residents of the care home."", ""It's important to provide evidence to help the council understand the issue."", ""You should provide details to help the council understand the issue."", ""Observations can be used as evidence to help the council understand the issue."", ""Conversations can be used as evidence to help the council understand the issue."", ""The council can assess whether a care home is meeting standards."", ""The council can take steps to improve care in a home that is not meeting standards."", ""The council has the authority to close a care home if necessary.""]",14
I need to know when the clocks change this year because I'm planning my schedule around it. When exactly does the clock change in the UK?,"[""The clocks in the UK go forward 1 hour at 1am on the last Sunday in March."", ""The clocks in the UK go back 1 hour at 2am on the last Sunday in October."", ""The UK is one hour ahead of Greenwich Mean Time (GMT) during British Summer Time (BST)."", ""There will be more daylight in the evenings during British Summer Time (BST)."", ""There will be less daylight in the mornings during British Summer Time (BST)."", ""The clocks go back at a certain time of the year."", ""When the clocks go back, the UK switches to a different time zone."", ""The time zone the UK switches to when the clocks go back is GMT."", ""It is important to adjust your schedule."", ""Adjusting your schedule helps to avoid confusion.""]",10
What are the requirements to start learning to drive a car in Wales and what is the process for getting a provisional licence?,"[""You can apply for a provisional driving licence online."", ""You can apply for a provisional driving licence in person."", ""The cost of a provisional driving licence is between \u00a334 and \u00a343."", ""You can begin taking driving lessons once you have your provisional licence."", ""You can start practising driving once you have your provisional licence."", ""You need a provisional licence to book your theory test."", ""You need a provisional licence to take driving lessons."", ""The process involves checking your eligibility."", ""The process involves applying for the licence."", ""The process involves preparing for the theory test.""]",10
I'm a nurse in Scotland and I've been called in for a disciplinary meeting. What steps should I take to prepare and ensure my rights are protected during the process?,"[""You should gather evidence before the meeting."", ""You should gather documentation before the meeting."", ""The evidence and documentation gathered should support your position."", ""It's important to remain calm throughout the process."", ""It's important to remain professional throughout the process.""]",5
I run a small business in Scotland and I'm unsure if my waste is classified as hazardous. How can I determine this?,"[""Hazardous waste includes asbestos."", ""Hazardous waste includes chemicals."", ""Hazardous waste includes batteries."", ""Hazardous waste includes solvents."", ""Hazardous waste includes pesticides."", ""Hazardous waste includes oils."", ""Hazardous waste includes equipment with ozone-depleting substances."", ""You can use the Environment Agency's guidance to identify waste categories."", ""You can use a waste classification tool to identify waste categories.""]",9
What happens if I don't comply with the battery takeback scheme and fail to collect used batteries from my shop in Scotland?,[],0
I'm a customer with a disability and I want to ensure I'm treated fairly when using public services. What steps should I take if I believe I've been discriminated against?,"[""You can report discrimination issues to the relevant public service provider."", ""The public service provider is relevant if the alleged discrimination occurred while using their service."", ""Discrimination can be reported if it is believed to be because of a disability."", ""They should have a complaints procedure in place."", ""You can follow their complaints procedure."", ""The Equality and Human Rights Commission (EHRC) provides guidance."", ""The Equality and Human Rights Commission (EHRC) provides support."", ""It's important to gather evidence to help your case."", ""Dates of the incident should be gathered as evidence."", ""Times of the incident should be gathered as evidence."", ""Descriptions of the incident should be gathered as evidence.""]",11
"I want to install an electric vehicle chargepoint at home, but I'm not sure where to start. What should I do first?","[""To install an electric vehicle chargepoint, you should contact an approved installer."", ""The Office for Zero Emission Vehicles (OZE) is responsible for approving installers."", ""You can check if you're eligible for a grant."", ""The grant is intended to help with the installation cost."", ""Eligibility includes owning a flat."", ""Eligibility includes renting a flat."", ""Eligibility includes being a landlord."", ""Eligibility includes owning a staff car park."", ""Eligibility includes owning a fleet car park."", ""Royal Mail has a postcode finder."", ""You can use Royal Mail's postcode finder to locate your postcode.""]",11
I own a small business in Scotland and I'm trying to understand how much I'll have to pay for water and sewerage rates. How does the charging work and am I eligible for any discounts?,"[""You may be charged for the actual water you use."", ""Having a meter is a condition under which you may be charged for the actual water you use."", ""Large users might benefit from a lower rate."", ""The reason for the potential lower rate is the cost efficiency of supplying larger businesses."", ""You should check with your local authority for specific details."", ""Your local authority can provide information on charges."", ""Your local authority can provide information on available relief options.""]",7
How can I apply for a needs assessment by social services if I'm caring for a disabled person?,"[""A needs assessment helps determine the level of support required for a disabled person."", ""It is important to communicate your specific needs."", ""It is important to communicate your circumstances."", ""Accurate communication ensures the assessment reflects your situation.""]",4
What are the key considerations when buying a leasehold property in Scotland?,"[""In Scotland, leasehold properties are sold with a lease agreement."", ""The lease agreement for a leasehold property in Scotland includes the length of the lease."", ""The lease agreement for a leasehold property in Scotland includes the terms of ownership."", ""You should consider any restrictions outlined in the lease."", ""You should consider any conditions outlined in the lease."", ""When the lease ends, ownership reverts back to the landlord.""]",6
Can I get paid for my magistrate work if I'm retired?,"[""In Scotland, magistrate work is unpaid."", ""Some employers in Scotland choose to pay their employees for magistrate work."", ""You can claim an allowance from the court for loss of earnings if you are not paid."", ""It is recommended to discuss payment for magistrate duties with your employer."", ""Employers may be able to offer payment for magistrate duties.""]",5
How do I book a theory test for a car in the UK?,"[""To book a theory test for a car, you need to have a provisional driving licence."", ""You can book your theory test through the official GOV.UK website."", ""The cost of booking a theory test is \u00a323."", ""You need to have your provisional licence ready."", ""You need to have proof of identity ready."", ""You should always use the official site."", ""Unofficial websites may charge more.""]",7
I want to sell my business in Wales. What steps should I take to ensure I follow the correct procedures and get the necessary support?,"[""You should contact Business Wales for guidance on selling your business in Wales."", ""Business Wales provides support for selling a business in Wales."", ""The telephone number to reach them is 0300 060 3000."", ""They are available to take calls from Monday to Friday."", ""Their operating hours are from 10am to 4pm."", ""They are closed on bank holidays."", ""You might consider seeking advice from local business support services."", ""You might consider consulting with a professional accountant."", ""Seeking advice can help ensure all steps are correctly followed.""]",9
My employer says they can't contribute to my workplace pension because I earn less than £520 a month. Is that allowed?,"[""There is a legal threshold set by the government."", ""You can choose to join the pension scheme."", ""Joining the pension scheme is optional."", ""If you're unsure about your eligibility, you should contact The Pensions Regulator for clarification."", ""If you're unsure about the rules, you should contact The Pensions Regulator for clarification.""]",5
"I'm a landlord in Wales and I want to rent out a room. Do I need to have a written tenancy agreement, and what should it include?","[""A rental agreement should outline the terms of the rental."", ""The rental agreement should include the rent amount."", ""The rental agreement should specify the payment method."", ""The rental agreement should state when the rent is due."", ""A tenancy agreement should state the length of the tenancy."", ""A tenancy agreement should specify whether the tenancy is fixed-term or periodic."", ""A tenancy agreement should outline the responsibilities of the landlord."", ""A tenancy agreement should outline the responsibilities of the tenant."", ""Including details about deposit protection can help prevent disputes."", ""Including details about maintenance obligations can help prevent disputes."", ""Including details about how to end the tenancy can help prevent disputes."", ""You should keep a copy of the document for your records."", ""You should give a copy of the document to the tenant.""]",13
What happens if I lose my driving licence abroad?,"[""You should contact the nearest British embassy for assistance."", ""You should contact the nearest British high commission for assistance."", ""You should contact the nearest British consulate for assistance.""]",3
"My child is 15 and still in education. They live in Wales and go to their nearest school, which is 3 miles away. Can they get help with school transport?","[""The individuals in question are 15 years old."", ""The individuals in question are still in education."", ""Your local council may offer assistance for individuals in this situation."", ""You should check with your local council to see if they offer any assistance.""]",4
Can I hail a taxi anywhere or only in certain areas?,"[""Taxis can only be hailed in the area they're licensed to operate in.""]",1
I need to contact HMRC because I have a mental health condition and find it hard to communicate over the phone. What options are available to me for getting support?,"[""HMRC offers support options for individuals with communication difficulties."", ""You can request a phone appointment with the extra support team."", ""You can request a video appointment with the extra support team."", ""The extra support team is designed to assist people with depression."", ""The extra support team is designed to assist people with stress."", ""The extra support team is designed to assist people with anxiety."", ""You can use the webchat service for information."", ""You can request information in alternative formats."", ""Alternative formats available include large print."", ""Alternative formats available include audio.""]",10
I'm considering taking in a child for more than 28 days. Do I need to register with the local council and what happens during the process?,"[""They will conduct background checks."", ""They will offer support."", ""As a parent, you must inform the council if you've asked someone outside your close family to care for your child."", ""The child receives appropriate care."", ""The child receives any necessary support.""]",5
I need to apply for school transport for my child who has special educational needs and disabilities. How do I find out if my child is eligible and what steps should I take?,"[""You should contact your local council to apply for school transport for your child."", ""The application for school transport is for children with special educational needs and disabilities."", ""They will assess your child's needs."", ""They will determine if your child is eligible for free transport."", ""You can check your eligibility by visiting the council's website."", ""You can check your eligibility by contacting the council directly."", ""The council will provide transport to eligible children."", ""The transport provided by the council will meet the child's needs.""]",8
I'm a retired teacher in Wales and I'm worried about paying Council Tax. How can I find out if I qualify for a discount and what happens if I don't pay?,"[""They will consider your income when assessing your situation."", ""They will consider your benefits when assessing your situation."", ""They will consider the number of people living in your home when assessing your situation.""]",3
I'm looking to get a parking permit for my home in Scotland. How do I find out if my local council offers this and what steps should I take?,"[""In Scotland, parking permits are typically managed by local councils."", ""Parking permits are not available in Scotland."", ""You can check your local council's website for information on parking permits."", ""You can contact your local council directly to confirm if they offer parking permits."", ""They might require proof of address."", ""They might require details about your vehicle."", ""They might require a fee."", ""You should visit your council's website to get the exact process for your area."", ""You can call your council to get the exact process for your area."", ""You can get the exact requirements for your area from your council's website or by calling them.""]",10
